{"full_name": "DTE Energy Company", "expense_ratio": null, "dividend_yield": 0.030699999999999998, "trailing_pe": 20.863638, "forward_pe": 17.588503}