{"full_name": "HP Inc.", "expense_ratio": null, "dividend_yield": 0.060599999999999994, "trailing_pe": 7.496212, "forward_pe": 6.6542706}