{"full_name": "NIKE, Inc.", "expense_ratio": null, "dividend_yield": 0.036699999999999997, "trailing_pe": 29.401316, "forward_pe": 23.952063}