{"full_name": "The AES Corporation", "expense_ratio": null, "dividend_yield": 0.048600000000000004, "trailing_pe": 11.061069, "forward_pe": 6.0658326}