{"full_name": "RTX Corporation", "expense_ratio": null, "dividend_yield": 0.015600000000000001, "trailing_pe": 32.694183, "forward_pe": 23.133066}