{"full_name": "Xcel Energy Inc.", "expense_ratio": null, "dividend_yield": 0.029900000000000003, "trailing_pe": 23.143274, "forward_pe": 17.482557}