{"full_name": "Welltower Inc.", "expense_ratio": null, "dividend_yield": 0.014199999999999999, "trailing_pe": 147.00705, "forward_pe": 63.44985}