{"full_name": "Kinder Morgan, Inc.", "expense_ratio": null, "dividend_yield": 0.037000000000000005, "trailing_pe": 21.302013, "forward_pe": 21.516165}