{"full_name": "Ball Corporation", "expense_ratio": null, "dividend_yield": 0.013000000000000001, "trailing_pe": 18.581818, "forward_pe": 13.643676}