{"full_name": "Humana Inc.", "expense_ratio": null, "dividend_yield": 0.016399999999999998, "trailing_pe": 21.872967, "forward_pe": 14.205222}