{"full_name": "Allegion plc", "expense_ratio": null, "dividend_yield": 0.014499999999999999, "trailing_pe": 19.637098, "forward_pe": 15.33015}