{"full_name": "CDW Corporation", "expense_ratio": null, "dividend_yield": 0.018600000000000002, "trailing_pe": 16.747526, "forward_pe": 11.940121}