{"full_name": "FirstEnergy Corp.", "expense_ratio": null, "dividend_yield": 0.037599999999999995, "trailing_pe": 28.073864, "forward_pe": 16.765974}