{"full_name": "Citigroup Inc.", "expense_ratio": null, "dividend_yield": 0.018799999999999997, "trailing_pe": 15.8195305, "forward_pe": 10.331016}