{"full_name": "Baker Hughes Company", "expense_ratio": null, "dividend_yield": 0.013300000000000001, "trailing_pe": 22.025558, "forward_pe": 24.271744}