{"full_name": "Amgen Inc.", "expense_ratio": null, "dividend_yield": 0.029300000000000003, "trailing_pe": 24.21293, "forward_pe": 14.755022}