{"full_name": "Equifax Inc.", "expense_ratio": null, "dividend_yield": 0.011899999999999999, "trailing_pe": 30.41799, "forward_pe": 16.789373}