{"full_name": "Eversource Energy", "expense_ratio": null, "dividend_yield": 0.045899999999999996, "trailing_pe": 15.052631, "forward_pe": 13.621642}