{"full_name": "NRG Energy, Inc.", "expense_ratio": null, "dividend_yield": 0.011899999999999999, "trailing_pe": 39.852863, "forward_pe": 14.132922}