{"full_name": "Public Storage", "expense_ratio": null, "dividend_yield": 0.038900000000000004, "trailing_pe": 34.254444, "forward_pe": 29.428133}