{"full_name": "Bunge Global SA", "expense_ratio": null, "dividend_yield": 0.022400000000000003, "trailing_pe": 25.334686, "forward_pe": 12.052821}