{"full_name": "Garmin Ltd.", "expense_ratio": null, "dividend_yield": 0.016200000000000003, "trailing_pe": 30.196741, "forward_pe": 25.432114}