{"full_name": "Chubb Limited", "expense_ratio": null, "dividend_yield": 0.011899999999999999, "trailing_pe": 11.535903, "forward_pe": 11.183752}