{"full_name": "BXP, Inc.", "expense_ratio": null, "dividend_yield": 0.053399999999999996, "trailing_pe": 33.17816, "forward_pe": 27.68825}