{"full_name": "The Clorox Company", "expense_ratio": null, "dividend_yield": 0.050300000000000004, "trailing_pe": 16.150572, "forward_pe": 14.728974}