{"full_name": "3M Company", "expense_ratio": null, "dividend_yield": 0.021400000000000002, "trailing_pe": 28.075003, "forward_pe": 15.44469}