{"full_name": "EQT Corporation", "expense_ratio": null, "dividend_yield": 0.011200000000000002, "trailing_pe": 11.178369, "forward_pe": 12.557634}