{"full_name": "Intuit Inc.", "expense_ratio": null, "dividend_yield": 0.011699999999999999, "trailing_pe": 25.777996, "forward_pe": 14.95123}