{"full_name": "Phillips 66", "expense_ratio": null, "dividend_yield": 0.031200000000000002, "trailing_pe": 15.078704, "forward_pe": 10.768901}