ticker,market_data_symbol,security_name,asset_type,primary_role,sector,style_tilt,region,is_core,is_defensive,is_income,is_growth,eligible_for_buy_engine,notes,universe_source,source_count,current_price,market_cap,beta,industry,country,currency,annualized_volatility_1y,stock_1m_return_pct,benchmark_1m_return_pct,relative_1m_return_pct,stock_3m_return_pct,benchmark_3m_return_pct,relative_3m_return_pct,stock_1y_return_pct,benchmark_1y_return_pct,relative_1y_return_pct,stock_3y_return_pct,benchmark_3y_return_pct,relative_3y_return_pct,stock_5y_return_pct,benchmark_5y_return_pct,relative_5y_return_pct
BND,BND,Vanguard Total Bond Market ETF,ETF,Stability sleeve,Fixed Income,Defensive,US,False,True,True,False,True,Broad bond exposure for steadier ballast,Curated ETF list,1,70.19499969482422,,,,US,USD,0.03848273923007102,-0.02489338115284012,0.0027022691704547963,-0.027595650323294918,-0.03246204501072114,0.02989085947713166,-0.0623529044878528,-0.018264532740346784,0.1569835212288262,-0.17524805396917298,0.12385416327572885,0.7768338606093361,-0.6529796973336073,-0.04282387274880595,0.7533078042196242,-0.7961316769684301
IVV,IVV,iShares Core S&P 500 ETF,ETF,Core benchmark ballast,Broad Market,Blend,US,True,False,False,False,True,Alternative S&P 500 core exposure,Curated ETF list,1,771.135009765625,,,,US,USD,0.12989752787901365,0.0034040656593452567,0.0027022691704547963,0.0007017964888904604,0.032390398145561994,0.02989085947713166,0.0024995386684303345,0.1702235102159373,0.1569835212288262,0.013239988987111095,0.846227135190514,0.7768338606093361,0.06939327458117783,0.8803653014248731,0.7533078042196242,0.12705749720524895
QUAL,QUAL,iShares MSCI USA Quality Factor ETF,ETF,Quality ballast,Broad Market,Quality,US,False,True,False,False,True,Quality factor ETF for stronger balance sheets,Curated ETF list,1,223.72999572753906,,,,US,USD,0.1223161272132451,0.007149952762270484,0.0027022691704547963,0.004447683591815688,0.024405916113173998,0.02989085947713166,-0.005484943363957662,0.16767798637557485,0.1569835212288262,0.010694465146748655,0.7397968089023335,0.7768338606093361,-0.037037051707002666,0.7512725280903338,0.7533078042196242,-0.002035276129290331
SCHD,SCHD,Schwab U.S. Dividend Equity ETF,ETF,Income and quality ballast,Financial Services,Income,US,False,True,True,False,True,Dividend-oriented ETF with quality tilt,Curated ETF list,1,32.790000915527344,,,,US,USD,0.11176688255116869,-0.05269265687924807,0.0027022691704547963,-0.055394926049702864,0.03772539030590116,0.02989085947713166,0.007834530828769504,0.25240545657414737,0.1569835212288262,0.09542193534532117,0.5354078193300362,0.7768338606093361,-0.2414260412792999,0.5828191509342935,0.7533078042196242,-0.1704886532853307
USMV,USMV,iShares MSCI USA Min Vol Factor ETF,ETF,Lower-volatility ballast,Broad Market,Low Volatility,US,False,True,False,False,True,Designed to reduce portfolio swings,Curated ETF list,1,97.83499908447266,,,,US,USD,0.0860014130919651,-0.033133248449751185,0.0027022691704547963,-0.03583551762020598,0.013069526413938437,0.02989085947713166,-0.016821333063193222,0.048127920456429996,0.1569835212288262,-0.1088556007723962,0.3910729149276124,0.7768338606093361,-0.3857609456817237,0.41055998116822967,0.7533078042196242,-0.3427478230513945
VGIT,VGIT,Vanguard Intermediate-Term Treasury ETF,ETF,Stability sleeve,Fixed Income,Defensive,US,False,True,True,False,True,Treasury exposure for a more defensive mix,Curated ETF list,1,56.695701599121094,,,,US,USD,0.034168784770664665,-0.022555276414957803,0.0027022691704547963,-0.0252575455854126,-0.027464452982217002,0.02989085947713166,-0.05735531245934866,-0.01850047643787056,0.1569835212288262,-0.17548399766669676,0.10919684559146803,0.7768338606093361,-0.6676370150178681,-0.02900892446601966,0.7533078042196242,-0.7823167286856438
VIG,VIG,Vanguard Dividend Appreciation ETF,ETF,Quality ballast,Financial Services,Quality,US,False,True,True,False,True,Dividend growth ETF for steadier quality exposure,Curated ETF list,1,234.97000122070312,,,,US,USD,0.1013268213119477,-0.025515814253711522,0.0027022691704547963,-0.028218083424166318,-0.002396219430678248,0.02989085947713166,-0.03228707890780991,0.11273187161877218,0.1569835212288262,-0.04425164961005401,0.5695291278280508,0.7768338606093361,-0.20730473278128536,0.6461501622205237,0.7533078042196242,-0.1071576419991005
VOO,VOO,Vanguard S&P 500 ETF,ETF,Core benchmark ballast,Broad Market,Blend,US,True,False,False,False,True,Default broad-market core holding,Curated ETF list,1,705.6901245117188,,,,US,USD,0.12913877382700983,0.0037093406212773683,0.0027022691704547963,0.001007071450822572,0.03216035245845883,0.02989085947713166,0.0022694929813271703,0.16994617470892326,0.1569835212288262,0.012962653480097064,0.8460278720499068,0.7768338606093361,0.06919401144057069,0.8803076854022633,0.7533078042196242,0.12699988118263916
VTI,VTI,Vanguard Total Stock Market ETF,ETF,Core diversification,Broad Market,Blend,US,True,False,False,False,True,Broader US equity exposure than S&P 500 only,Curated ETF list,1,376.8299865722656,,,,US,USD,0.1317781253570586,-0.000975807008820162,0.0027022691704547963,-0.0036780761792749583,0.023048143632124596,0.02989085947713166,-0.0068427158450070635,0.16518705985707838,0.1569835212288262,0.008203538628252183,0.825332697687654,0.7768338606093361,0.048498837078317925,0.782597422733321,0.7533078042196242,0.029289618513696825
XLP,XLP,Consumer Staples Select Sector SPDR Fund,ETF,Defensive diversifier,Consumer Defensive,Defensive,US,False,True,True,False,True,Staples ETF for resilience in weaker markets,Curated ETF list,1,81.66500091552734,,,,US,USD,0.14381410641030937,-0.032688965076115184,0.0027022691704547963,-0.03539123424656998,-0.013180190578742756,0.02989085947713166,-0.043071050055874416,0.07420508635944567,0.1569835212288262,-0.08277843486938052,0.2674445398027976,0.7768338606093361,-0.5093893208065385,0.3255322471410458,0.7533078042196242,-0.4277755570785784
XLU,XLU,Utilities Select Sector SPDR Fund,ETF,Defensive diversifier,Utilities,Defensive,US,False,True,True,False,True,Utilities ETF for lower-beta diversification,Curated ETF list,1,39.619998931884766,,,,US,USD,0.15234656571027597,-0.05490595781295948,0.0027022691704547963,-0.05760822698341428,-0.10852535191127055,0.02989085947713166,-0.1384162113884022,-0.06386368689967359,0.1569835212288262,-0.22084720812849978,0.3711341349414252,0.7768338606093361,-0.4056997256679109,0.4046122869131412,0.7533078042196242,-0.34869551730648296
XLV,XLV,Health Care Select Sector SPDR Fund,ETF,Defensive diversifier,Health Care,Defensive,US,False,True,False,False,True,Healthcare sector ETF for defensive diversification,Curated ETF list,1,169.60499572753906,,,,US,USD,0.1606623809504042,-0.0016764119807816114,0.0027022691704547963,-0.004378681151236408,0.06715627775244215,0.02989085947713166,0.03726541827531049,0.26886815337834347,0.1569835212288262,0.11188463214951727,0.36250637569746536,0.7768338606093361,-0.41432748491187077,0.3983049477508489,0.7533078042196242,-0.3550028564687753
AAPL,AAPL,Apple Inc.,Stock,Blue-chip compounder,Information Technology,Quality,US,False,False,False,False,True,"Known-universe stock candidate added from Dow 30, ETF holding: IVV, ETF holding: QUAL, ETF holding: VIG, ETF holding: VOO, ETF holding: VTI, Nasdaq-100, S&P 500",Dow 30; ETF holding: IVV; ETF holding: QUAL; ETF holding: VIG; ETF holding: VOO; ETF holding: VTI; Nasdaq-100; S&P 500,8,337.9849853515625,,,,US,USD,0.2471740944450079,0.06670342067515067,0.0027022691704547963,0.06400115150469587,0.1491149761172832,0.02989085947713166,0.11922411664015153,0.33330781108431284,0.1569835212288262,0.17632428985548665,0.9454580650555773,0.7768338606093361,0.16862420444624115,1.375861108420636,0.7533078042196242,0.6225533042010118
NVDA,NVDA,Nvidia,Stock,Blue-chip compounder,Information Technology,Quality,US,False,False,False,False,True,"Known-universe stock candidate added from Dow 30, ETF holding: IVV, ETF holding: QUAL, ETF holding: USMV, ETF holding: VOO, ETF holding: VTI, Nasdaq-100, S&P 500",Dow 30; ETF holding: IVV; ETF holding: QUAL; ETF holding: USMV; ETF holding: VOO; ETF holding: VTI; Nasdaq-100; S&P 500,8,230.9499969482422,,,,US,USD,0.37732961962909606,0.04723443779247649,0.0027022691704547963,0.044532168622021695,0.17020155201780107,0.02989085947713166,0.1403106925406694,0.27304533730420744,0.1569835212288262,0.11606181607538124,4.486233523988413,0.7768338606093361,3.709399663379077,9.572317823919375,0.7533078042196242,8.819010019699752
AMZN,AMZN,Amazon,Stock,Blue-chip compounder,Consumer Discretionary,Quality,US,False,False,False,False,True,"Known-universe stock candidate added from Dow 30, ETF holding: IVV, ETF holding: VOO, ETF holding: VTI, Nasdaq-100, S&P 500",Dow 30; ETF holding: IVV; ETF holding: VOO; ETF holding: VTI; Nasdaq-100; S&P 500,6,250.41000366210938,,,,US,USD,0.34372659313727166,-0.03603181948423562,0.0027022691704547963,-0.03873408865469041,0.036036437003895916,0.02989085947713166,0.0061455775267642565,0.12710989659229077,0.1569835212288262,-0.029873624636535423,0.9075949989486116,0.7768338606093361,0.1307611383392755,0.4816940580446576,0.7533078042196242,-0.2716137461749666
AVGO,AVGO,Broadcom,Stock,Large-cap diversifier,Information Technology,Blend,US,False,False,False,False,True,"Known-universe stock candidate added from ETF holding: IVV, ETF holding: VIG, ETF holding: VOO, ETF holding: VTI, Nasdaq-100, S&P 500",ETF holding: IVV; ETF holding: VIG; ETF holding: VOO; ETF holding: VTI; Nasdaq-100; S&P 500,6,354.635009765625,,,,US,USD,0.46430795120048357,-0.04066318161040772,0.0027022691704547963,-0.04336545078086251,-0.038065781027082024,0.02989085947713166,-0.06795664050421368,0.08957559388474445,0.1569835212288262,-0.06740792734408174,3.3930859821597084,0.7768338606093361,2.6162521215503722,6.739168649143726,0.7533078042196242,5.985860844924101
GOOGL,GOOGL,Alphabet Inc. (Class A),Stock,Quality growth,Communication Services,Growth,US,False,False,False,True,True,"Known-universe stock candidate added from Dow 30, ETF holding: IVV, ETF holding: VOO, ETF holding: VTI, Nasdaq-100, S&P 500",Dow 30; ETF holding: IVV; ETF holding: VOO; ETF holding: VTI; Nasdaq-100; S&P 500,6,349.2850036621094,,,,US,USD,0.31711971768535474,0.029938148122351738,0.0027022691704547963,0.02723587895189694,-0.03239245532368107,0.02989085947713166,-0.06228331480081273,0.43492467109069666,0.1569835212288262,0.27794114986187046,1.6894110545192564,0.7768338606093361,0.9125771939099203,1.5135434312280465,0.7533078042196242,0.7602356270084223
META,META,Meta Platforms,Stock,Quality growth,Communication Services,Growth,US,False,False,False,True,True,"Known-universe stock candidate added from ETF holding: IVV, ETF holding: QUAL, ETF holding: VOO, ETF holding: VTI, Nasdaq-100, S&P 500",ETF holding: IVV; ETF holding: QUAL; ETF holding: VOO; ETF holding: VTI; Nasdaq-100; S&P 500,6,725.7916259765625,,,,US,USD,0.4188506254328588,0.2691134860163862,0.0027022691704547963,0.2664112168459314,0.18510787026268094,0.02989085947713166,0.15521701078554928,-0.020374521468132012,0.1569835212288262,-0.1773580426969582,1.4357371808494457,0.7768338606093361,0.6589033202401096,1.1349700389053012,0.7533078042196242,0.38166223468567706
AMGN,AMGN,Amgen,Stock,Defensive large-cap,Health Care,Defensive,US,False,True,False,False,True,"Known-universe stock candidate added from Dow 30, ETF holding: SCHD, ETF holding: XLV, Nasdaq-100, S&P 500",Dow 30; ETF holding: SCHD; ETF holding: XLV; Nasdaq-100; S&P 500,5,421.54998779296875,,,,US,USD,0.2948221074871359,-0.019377540232685564,0.0027022691704547963,-0.02207980940314036,0.17348010652037593,0.02989085947713166,0.14358924704324427,0.5813552488147291,0.1569835212288262,0.4243717275859029,0.7282366927394879,0.7768338606093361,-0.048597167869848246,1.3053487475529342,0.7533078042196242,0.55204094333331
GOOG,GOOG,Alphabet Inc. (Class C),Stock,Quality growth,Communication Services,Growth,US,False,False,False,True,True,"Known-universe stock candidate added from ETF holding: IVV, ETF holding: VOO, ETF holding: VTI, Nasdaq-100, S&P 500",ETF holding: IVV; ETF holding: VOO; ETF holding: VTI; Nasdaq-100; S&P 500,5,345.3999938964844,,,,US,USD,0.3120286788295361,0.030452992393011247,0.0027022691704547963,0.02775072322255645,-0.03427245898391351,0.02989085947713166,-0.06416331846104517,0.4171782955132324,0.1569835212288262,0.2601947742844062,1.6380540422612917,0.7768338606093361,0.8612201816519556,1.473926600794043,0.7533078042196242,0.7206187965744189
MRK,MRK,Merck & Co.,Stock,Defensive large-cap,Health Care,Defensive,US,False,True,False,False,True,"Known-universe stock candidate added from Dow 30, ETF holding: SCHD, ETF holding: USMV, ETF holding: XLV, S&P 500",Dow 30; ETF holding: SCHD; ETF holding: USMV; ETF holding: XLV; S&P 500,5,147.4600067138672,,,,US,USD,0.3032717899827773,0.0038605871499632904,0.0027022691704547963,0.0011583179795084941,0.18314130529198924,0.02989085947713166,0.15325044581485758,0.9316620273704486,0.1569835212288262,0.7746785061416224,0.5266981523818355,0.7768338606093361,-0.25013570822750064,1.385188095753171,0.7533078042196242,0.6318802915335469
MU,MU,Micron Technology,Stock,Large-cap diversifier,Information Technology,Blend,US,False,False,False,False,True,"Known-universe stock candidate added from ETF holding: IVV, ETF holding: VOO, ETF holding: VTI, Nasdaq-100, S&P 500",ETF holding: IVV; ETF holding: VOO; ETF holding: VTI; Nasdaq-100; S&P 500,5,1074.2349853515625,,,,US,USD,0.8136731823322249,0.12047709703032217,0.0027022691704547963,0.11777482785986737,0.040803000495083674,0.02989085947713166,0.010912141017952015,5.564730010442799,0.1569835212288262,5.407746489213972,14.839016825888752,0.7768338606093361,14.062182965279415,13.892859552937498,0.7533078042196242,13.139551748717874
TSLA,TSLA,"Tesla, Inc.",Stock,Large-cap diversifier,Consumer Discretionary,Blend,US,False,False,False,False,True,"Known-universe stock candidate added from ETF holding: IVV, ETF holding: VOO, ETF holding: VTI, Nasdaq-100, S&P 500",ETF holding: IVV; ETF holding: VOO; ETF holding: VTI; Nasdaq-100; S&P 500,5,350.79998779296875,,,,US,USD,0.4594921003162363,-0.0466096585000596,0.0027022691704547963,-0.0493119276705144,-0.1751704729327802,0.02989085947713166,-0.20506133240991187,-0.208501625513277,0.1569835212288262,-0.3654851467421032,0.4203003360096602,0.7768338606093361,-0.3565335245996759,0.39957970045743485,0.7533078042196242,-0.3537281037621893
KO,KO,Coca-Cola Company (The),Stock,Blue-chip compounder,Consumer Staples,Quality,US,False,False,False,False,True,"Known-universe stock candidate added from Dow 30, ETF holding: SCHD, ETF holding: XLP, S&P 500",Dow 30; ETF holding: SCHD; ETF holding: XLP; S&P 500,4,87.08000183105469,,,,US,USD,0.18749582874500706,-0.012071446092836169,0.0027022691704547963,-0.014773715263290965,0.07761866173523058,0.02989085947713166,0.04772780225809892,0.35364830678180326,0.1569835212288262,0.19666478555297706,0.6654666162861951,0.7768338606093361,-0.11136724432314105,0.8622395495546207,0.7533078042196242,0.1089317453349965
LLY,LLY,Lilly (Eli),Stock,Defensive large-cap,Health Care,Defensive,US,False,True,False,False,True,"Known-universe stock candidate added from ETF holding: QUAL, ETF holding: VIG, ETF holding: XLV, S&P 500",ETF holding: QUAL; ETF holding: VIG; ETF holding: XLV; S&P 500,4,1184.405029296875,,,,US,USD,0.35609368907304945,0.023925245558959363,0.0027022691704547963,0.021222976388504566,-0.004730650983037488,0.02989085947713166,-0.03462151046016915,0.6405483686067766,0.1569835212288262,0.48356484737795036,1.1891750448404665,0.7768338606093361,0.4123411842311304,4.428828548186493,0.7533078042196242,3.6755207439668687
UNH,UNH,UnitedHealth Group,Stock,Defensive large-cap,Health Care,Defensive,US,False,True,False,False,True,"Known-universe stock candidate added from Dow 30, ETF holding: SCHD, ETF holding: XLV, S&P 500",Dow 30; ETF holding: SCHD; ETF holding: XLV; S&P 500,4,367.8399963378906,,,,US,USD,0.34383310936415473,-0.04957500715969976,0.0027022691704547963,-0.052277276330154554,-0.13230882350612172,0.02989085947713166,-0.16219968298325338,0.09402231415482887,0.1569835212288262,-0.06296120707399733,-0.23238274416819105,0.7768338606093361,-1.009216604777527,-0.014855167936016378,0.7533078042196242,-0.7681629721556406
V,V,Visa Inc.,Stock,Blue-chip compounder,Financials,Quality,US,False,False,False,False,True,"Known-universe stock candidate added from Dow 30, ETF holding: QUAL, ETF holding: VIG, S&P 500",Dow 30; ETF holding: QUAL; ETF holding: VIG; S&P 500,4,362.0799865722656,,,,US,USD,0.22027004431667546,-0.045575582590765995,0.0027022691704547963,-0.04827785176122079,0.03324782325513587,0.02989085947713166,0.003356963778004207,0.07295319212662488,0.1569835212288262,-0.08403032910220132,0.5873859629312297,0.7768338606093361,-0.18944789767810644,0.6882605809259705,0.7533078042196242,-0.06504722329365364
ABT,ABT,Abbott Laboratories,Stock,Defensive large-cap,Health Care,Defensive,US,False,True,False,False,True,"Known-universe stock candidate added from ETF holding: SCHD, ETF holding: XLV, S&P 500",ETF holding: SCHD; ETF holding: XLV; S&P 500,3,99.37999725341797,,,,US,USD,0.26828114194237307,-0.0994925996394358,0.0027022691704547963,-0.1021948688098906,0.08579743033327714,0.02989085947713166,0.05590657085614548,-0.23614268780363712,0.1569835212288262,-0.3931262090324633,0.08531586798707136,0.7768338606093361,-0.6915179926222648,-0.12130070540491134,0.7533078042196242,-0.8746085096245355
AEP,AEP,American Electric Power,Stock,Defensive large-cap,Utilities,Defensive,US,False,True,True,False,True,"Known-universe stock candidate added from ETF holding: XLU, Nasdaq-100, S&P 500",ETF holding: XLU; Nasdaq-100; S&P 500,3,119.68000030517578,,,,US,USD,0.19048237199448487,-0.022461814858655504,0.0027022691704547963,-0.0251640840291103,-0.10706272551555929,0.02989085947713166,-0.13695358499269095,0.12400009028287551,0.1569835212288262,-0.03298343094595069,0.6949189590077116,0.7768338606093361,-0.08191490160162451,0.7318863020681354,0.7533078042196242,-0.021421502151488747
AMAT,AMAT,Applied Materials,Stock,Large-cap diversifier,Information Technology,Blend,US,False,False,False,False,True,"Known-universe stock candidate added from ETF holding: QUAL, Nasdaq-100, S&P 500",ETF holding: QUAL; Nasdaq-100; S&P 500,3,507.0365905761719,,,,US,USD,0.599465859659147,0.10612485955882756,0.0027022691704547963,0.10342259038837276,-0.2202012331226626,0.02989085947713166,-0.25009209259979426,1.48763617685981,0.1569835212288262,1.330652655630984,2.8001560814230855,0.7768338606093361,2.0233222208137494,2.826573590531412,0.7533078042196242,2.073265786311788
CEG,CEG,Constellation Energy,Stock,Defensive large-cap,Utilities,Defensive,US,False,True,True,False,True,"Known-universe stock candidate added from ETF holding: XLU, Nasdaq-100, S&P 500",ETF holding: XLU; Nasdaq-100; S&P 500,3,253.70269775390625,,,,US,USD,0.47218476076916005,-0.07667246097504987,0.0027022691704547963,-0.07937473014550467,0.07438770053907873,0.02989085947713166,0.04449684106194707,-0.23677050233710817,0.1569835212288262,-0.39375402356593436,1.3049041453149304,0.7768338606093361,0.5280702847055943,,,
CSCO,CSCO,Cisco,Stock,Blue-chip compounder,Information Technology,Quality,US,False,False,False,False,True,"Known-universe stock candidate added from Dow 30, Nasdaq-100, S&P 500",Dow 30; Nasdaq-100; S&P 500,3,107.61000061035156,,,,US,USD,0.3445065653160494,-0.026065682949590663,0.0027022691704547963,-0.02876795212004546,-0.07689461257921115,0.02989085947713166,-0.10678547205634281,0.6219467305510302,0.1569835212288262,0.46496320932220403,1.177919239159706,0.7768338606093361,0.40108537855036985,1.229036219911726,0.7533078042196242,0.4757284156921018
CVX,CVX,Chevron Corporation,Stock,Blue-chip compounder,Energy,Quality,US,False,False,False,False,True,"Known-universe stock candidate added from Dow 30, ETF holding: SCHD, S&P 500",Dow 30; ETF holding: SCHD; S&P 500,3,205.0749969482422,,,,US,USD,0.23722547762632407,-0.005166403631316485,0.0027022691704547963,-0.007868672801771281,0.24850460495281146,0.02989085947713166,0.2186137454756798,0.36550879440701833,0.1569835212288262,0.20852527317819214,0.3780334629360764,0.7768338606093361,-0.3988003976732597,1.5664969646509301,0.7533078042196242,0.813189160431306
EXC,EXC,Exelon,Stock,Defensive large-cap,Utilities,Defensive,US,False,True,True,False,True,"Known-universe stock candidate added from ETF holding: XLU, Nasdaq-100, S&P 500",ETF holding: XLU; Nasdaq-100; S&P 500,3,40.79999923706055,,,,US,USD,0.1937484783502371,-0.05790296664146888,0.0027022691704547963,-0.060605235811923674,-0.109630687548528,0.02989085947713166,-0.13952154702565966,-0.04454551732190182,0.1569835212288262,-0.201529038550728,0.13378648149789285,0.7768338606093361,-0.6430473791114433,0.3838705054914058,0.7533078042196242,-0.3694372987282184
GILD,GILD,Gilead Sciences,Stock,Defensive large-cap,Health Care,Defensive,US,False,True,False,False,True,"Known-universe stock candidate added from ETF holding: XLV, Nasdaq-100, S&P 500",ETF holding: XLV; Nasdaq-100; S&P 500,3,149.9199981689453,,,,US,USD,0.2640453605929254,0.030233650112448274,0.0027022691704547963,0.027531380941993477,0.19682768380817306,0.02989085947713166,0.1669368243310414,0.36410098989803896,0.1569835212288262,0.20711746866921277,1.2020871866908651,0.7768338606093361,0.425253326081529,1.5097066302005095,0.7533078042196242,0.7563988259808854
HD,HD,Home Depot (The),Stock,Blue-chip compounder,Consumer Discretionary,Quality,US,False,False,False,False,True,"Known-universe stock candidate added from Dow 30, ETF holding: SCHD, S&P 500",Dow 30; ETF holding: SCHD; S&P 500,3,287.2300109863281,,,,US,USD,0.2561100402375012,-0.11738798428207564,0.0027022691704547963,-0.12009025345253044,-0.17527456957126508,0.02989085947713166,-0.20516542904839674,-0.2739330399685195,0.1569835212288262,-0.43091656119734567,0.012166164703443005,0.7768338606093361,-0.7646676959058931,-0.029453430649708512,0.7533078042196242,-0.7827612348693327
HON,HON,Honeywell Technologies,Stock,Blue-chip compounder,Industrials,Quality,US,False,False,False,False,True,"Known-universe stock candidate added from Dow 30, Nasdaq-100, S&P 500",Dow 30; Nasdaq-100; S&P 500,3,210.47500610351562,,,,US,USD,0.27187463437972803,-0.014307088902008935,0.0027022691704547963,-0.01700935807246373,-0.047997557893905696,0.02989085947713166,-0.07788841737103736,0.0373721060811647,0.1569835212288262,-0.11961141514766149,0.1808339679652422,0.7768338606093361,-0.5959998926440939,0.08736470995743062,0.7533078042196242,-0.6659430942621936
KLAC,KLAC,KLA Corporation,Stock,Large-cap diversifier,Information Technology,Blend,US,False,False,False,False,True,"Known-universe stock candidate added from ETF holding: QUAL, Nasdaq-100, S&P 500",ETF holding: QUAL; Nasdaq-100; S&P 500,3,194.53500366210938,,,,US,USD,0.6064363410237444,0.10877746962570356,0.0027022691704547963,0.10607520045524876,-0.2683614557976335,0.02989085947713166,-0.29825231527476515,0.8379750601999896,0.1569835212288262,0.6809915389711634,3.37478705631836,0.7768338606093361,2.597953195709024,4.587465609862725,0.7533078042196242,3.8341578056431005
LRCX,LRCX,Lam Research,Stock,Large-cap diversifier,Information Technology,Blend,US,False,False,False,False,True,"Known-universe stock candidate added from ETF holding: QUAL, Nasdaq-100, S&P 500",ETF holding: QUAL; Nasdaq-100; S&P 500,3,322.05999755859375,,,,US,USD,0.6485822342819737,0.06936265419901622,0.0027022691704547963,0.06666038502856142,-0.1759901049432886,0.02989085947713166,-0.20588096442042025,1.4681330953276075,0.1569835212288262,1.3111495740987813,4.320545452024648,0.7768338606093361,3.543711591415312,4.650100525979551,0.7533078042196242,3.8967927217599265
MDLZ,MDLZ,Mondelez International,Stock,Large-cap diversifier,Consumer Staples,Blend,US,False,False,False,False,True,"Known-universe stock candidate added from ETF holding: XLP, Nasdaq-100, S&P 500",ETF holding: XLP; Nasdaq-100; S&P 500,3,58.6150016784668,,,,US,USD,0.23250432626775813,-0.05566292948839058,0.0027022691704547963,-0.058365198658845374,-0.012384108080049638,0.02989085947713166,-0.0422749675571813,-0.03159608399950509,0.1569835212288262,-0.18857960522833128,-0.08288583525791826,0.7768338606093361,-0.8597196958672544,0.10504482942380866,0.7533078042196242,-0.6482629747958155
PEP,PEP,PepsiCo,Stock,Large-cap diversifier,Consumer Staples,Blend,US,False,False,False,False,True,"Known-universe stock candidate added from ETF holding: XLP, Nasdaq-100, S&P 500",ETF holding: XLP; Nasdaq-100; S&P 500,3,128.82000732421875,,,,US,USD,0.21079289428428147,-0.07228035890127449,0.0027022691704547963,-0.07498262807172928,-0.07766954334069787,0.02989085947713166,-0.10756040281782953,-0.043734487661262644,0.1569835212288262,-0.20071800889008884,-0.17654476351071258,0.7768338606093361,-0.9533786241200487,-0.016334329076084453,0.7533078042196242,-0.7696421332957086
VRTX,VRTX,Vertex Pharmaceuticals,Stock,Defensive large-cap,Health Care,Defensive,US,False,True,False,False,True,"Known-universe stock candidate added from ETF holding: USMV, Nasdaq-100, S&P 500",ETF holding: USMV; Nasdaq-100; S&P 500,3,525.5,,,,US,USD,0.28566359538912195,-0.03492988108614148,0.0027022691704547963,-0.037632150256596275,0.055199674093523665,0.02989085947713166,0.025308814616392006,0.3293364783219508,0.1569835212288262,0.1723529570931246,0.4985598422383908,0.7768338606093361,-0.27827401837094534,1.8517934976709376,0.7533078042196242,1.0984856934513134
VZ,VZ,Verizon,Stock,Quality growth,Communication Services,Growth,US,False,False,False,True,True,"Known-universe stock candidate added from ETF holding: SCHD, ETF holding: USMV, S&P 500",ETF holding: SCHD; ETF holding: USMV; S&P 500,3,45.90999984741211,,,,US,USD,0.25547413437982347,-0.08216714459692975,0.0027022691704547963,-0.08486941376738455,0.11199400014487759,0.02989085947713166,0.08210314066774593,0.13401294156545762,0.1569835212288262,-0.022970579663368573,0.6931386489168232,0.7768338606093361,-0.08369521169251293,0.16496421967054675,0.7533078042196242,-0.5883435845490774
XEL,XEL,Xcel Energy,Stock,Defensive large-cap,Utilities,Defensive,US,False,True,True,False,True,"Known-universe stock candidate added from ETF holding: XLU, Nasdaq-100, S&P 500",ETF holding: XLU; Nasdaq-100; S&P 500,3,70.91999816894531,,,,US,USD,0.18778232214949395,-0.05546760045281662,0.0027022691704547963,-0.05816986962327142,-0.10299041600879133,0.02989085947713166,-0.132881275485923,-0.08652928284750183,0.1569835212288262,-0.24351280407632803,0.3189684474190222,0.7768338606093361,-0.45786541319031393,0.31797150409979213,0.7533078042196242,-0.43533630011983204
ABBV,ABBV,AbbVie,Stock,Defensive large-cap,Health Care,Defensive,US,False,True,False,False,True,"Known-universe stock candidate added from ETF holding: XLV, S&P 500",ETF holding: XLV; S&P 500,2,263.4599914550781,,,,US,USD,0.26325722189555983,0.02745486958383525,0.0027022691704547963,0.024752600413380454,0.0568599896848796,0.02989085947713166,0.026969130207747938,0.21721316704917282,0.1569835212288262,0.06022964582034662,0.8895451803072303,0.7768338606093361,0.11271131969789416,1.974619082953009,0.7533078042196242,1.2213112787333849
ABNB,ABNB,Airbnb,Stock,Large-cap diversifier,Consumer Discretionary,Blend,US,False,False,False,False,True,"Known-universe stock candidate added from Nasdaq-100, S&P 500",Nasdaq-100; S&P 500,2,161.4199981689453,,,,US,USD,0.3586963159991824,-0.11898265967970367,0.0027022691704547963,-0.12168492885015847,0.0957844059751558,0.02989085947713166,0.06589354649802415,0.31321184976820726,0.1569835212288262,0.15622832853938107,0.20336960566142714,0.7768338606093361,-0.573464254947909,-0.05024716525987927,0.7533078042196242,-0.8035549694795034
ADBE,ADBE,Adobe Inc.,Stock,Large-cap diversifier,Information Technology,Blend,US,False,False,False,False,True,"Known-universe stock candidate added from Nasdaq-100, S&P 500",Nasdaq-100; S&P 500,2,238.0500030517578,,,,US,USD,0.4083506768021728,-0.18695995046144298,0.0027022691704547963,-0.18966221963189778,0.1283060378822698,0.02989085947713166,0.09841517840513814,-0.33768294986828673,0.1569835212288262,-0.4946664710971129,-0.5346950738628579,0.7768338606093361,-1.3115289344721939,-0.6197770308046788,0.7533078042196242,-1.373084835024303
ADI,ADI,Analog Devices,Stock,Large-cap diversifier,Information Technology,Blend,US,False,False,False,False,True,"Known-universe stock candidate added from Nasdaq-100, S&P 500",Nasdaq-100; S&P 500,2,393.5350036621094,,,,US,USD,0.3628246936486683,0.09000386203221677,0.0027022691704547963,0.08730159286176198,0.014792505237704034,0.02989085947713166,-0.015098354239427625,0.6277500581909359,0.1569835212288262,0.4707665369621097,1.350698951383798,0.7768338606093361,0.5738650907744618,1.4608401796526085,0.7533078042196242,0.7075323754329843
ADP,ADP,Automatic Data Processing,Stock,Large-cap diversifier,Industrials,Blend,US,False,False,False,False,True,"Known-universe stock candidate added from Nasdaq-100, S&P 500",Nasdaq-100; S&P 500,2,262.5050048828125,,,,US,USD,0.2742421613030587,-0.07679273159861766,0.0027022691704547963,-0.07949500076907245,0.12071012393033209,0.02989085947713166,0.09081926445320043,-0.07700522146956346,0.1569835212288262,-0.23398874269838965,0.17515197166114715,0.7768338606093361,-0.601681888948189,0.4799716591931955,0.7533078042196242,-0.27333614502642867
ADSK,ADSK,Autodesk,Stock,Large-cap diversifier,Information Technology,Blend,US,False,False,False,False,True,"Known-universe stock candidate added from Nasdaq-100, S&P 500",Nasdaq-100; S&P 500,2,205.69500732421875,,,,US,USD,0.3808264525397109,-0.20436696594031456,0.0027022691704547963,-0.20706923511076936,0.029710717764260375,0.02989085947713166,-0.00018014171287128455,-0.36125513739733384,0.1569835212288262,-0.51823865862616,0.00012159846110804118,0.7768338606093361,-0.7767122621482281,-0.2818413599574915,0.7533078042196242,-1.0351491641771156
AMD,AMD,Advanced Micro Devices,Stock,Large-cap diversifier,Information Technology,Blend,US,False,False,False,False,True,"Known-universe stock candidate added from Nasdaq-100, S&P 500",Nasdaq-100; S&P 500,2,604.75,,,,US,USD,0.7284417807087269,0.28473402114148794,0.0027022691704547963,0.28203175197103314,0.1180853323114166,0.02989085947713166,0.08819447283428494,2.747830922858859,0.1569835212288262,2.590847401630033,5.210207609949113,0.7768338606093361,4.433373749339777,4.793734584335766,0.7533078042196242,4.040426780116142
APH,APH,Amphenol,Stock,Large-cap diversifier,Information Technology,Blend,US,False,False,False,False,True,"Known-universe stock candidate added from ETF holding: USMV, S&P 500",ETF holding: USMV; S&P 500,2,84.38999938964844,,,,US,USD,0.45555883280346793,0.06617327132830231,0.0027022691704547963,0.06347100215784751,-0.01845448256351956,0.02989085947713166,-0.04834534204065122,0.40449967719593904,0.1569835212288262,0.24751615596711285,3.1499742389178342,0.7768338606093361,2.373140378308498,3.67208997175711,0.7533078042196242,2.918782167537486
APP,APP,AppLovin,Stock,Quality growth,Communication Services,Growth,US,False,False,False,True,True,"Known-universe stock candidate added from Nasdaq-100, S&P 500",Nasdaq-100; S&P 500,2,300.0350036621094,,,,US,USD,0.7318076711505153,-0.03853423697546021,0.0027022691704547963,-0.04123650614591501,-0.4685977728939946,0.02989085947713166,-0.4984886323711263,-0.5788154727500077,0.1569835212288262,-0.7357989939788339,6.85431931072616,0.7768338606093361,6.077485450116823,3.1055691864338764,0.7533078042196242,2.352261382214252
AXON,AXON,Axon Enterprise,Stock,Large-cap diversifier,Industrials,Blend,US,False,False,False,False,True,"Known-universe stock candidate added from Nasdaq-100, S&P 500",Nasdaq-100; S&P 500,2,428.260009765625,,,,US,USD,0.622530630102468,-0.2441047521691041,0.0027022691704547963,-0.2468070213395589,-0.2789750253842159,0.02989085947713166,-0.3088658848613476,-0.40188821808922337,0.1569835212288262,-0.5588717393180496,1.216207812003891,0.7768338606093361,0.43937395139455493,1.4472000558035716,0.7533078042196242,0.6938922515839474
AXP,AXP,American Express,Stock,Blue-chip compounder,Financials,Quality,US,False,False,False,False,True,"Known-universe stock candidate added from Dow 30, S&P 500",Dow 30; S&P 500,2,305.75,,,,US,USD,0.2690759808653644,-0.07396193607715162,0.0027022691704547963,-0.07666420524760642,-0.11900299451272733,0.02989085947713166,-0.148893853989859,-0.09724976446427247,0.1569835212288262,-0.25423328569309867,1.0660832969182645,0.7768338606093361,0.2892494363089284,0.9398717771354448,0.7533078042196242,0.1865639729158206
BA,BA,Boeing,Stock,Blue-chip compounder,Industrials,Quality,US,False,False,False,False,True,"Known-universe stock candidate added from Dow 30, S&P 500",Dow 30; S&P 500,2,188.91000366210938,,,,US,USD,0.34236050640375526,-0.09081718754475077,0.0027022691704547963,-0.09351945671520556,-0.13573976539664367,0.02989085947713166,-0.16563062487377533,-0.12976781799950865,0.1569835212288262,-0.28675133922833485,-0.04965285832477562,0.7768338606093361,-0.8264867189341117,-0.12936672789263515,0.7533078042196242,-0.8826745321122593
BKNG,BKNG,Booking Holdings,Stock,Large-cap diversifier,Consumer Discretionary,Blend,US,False,False,False,False,True,"Known-universe stock candidate added from Nasdaq-100, S&P 500",Nasdaq-100; S&P 500,2,164.6300048828125,,,,US,USD,0.3789724089677135,-0.1710905117097804,0.0027022691704547963,-0.1737927808802352,-0.09643237416229489,0.02989085947713166,-0.12632323363942655,-0.2385749996630142,0.1569835212288262,-0.3955585208918404,0.36005501639152904,0.7768338606093361,-0.4167788442178071,0.7510955107491477,0.7533078042196242,-0.0022122934704764674
BKR,BKR,Baker Hughes,Stock,Large-cap diversifier,Energy,Blend,US,False,False,False,False,True,"Known-universe stock candidate added from Nasdaq-100, S&P 500",Nasdaq-100; S&P 500,2,55.72999954223633,,,,US,USD,0.3314877639449672,-0.12305271107326499,0.0027022691704547963,-0.12575498024371978,0.03929806030172989,0.02989085947713166,0.009407200824598227,0.11971161377884454,0.1569835212288262,-0.037271907449981656,0.6534693884942324,0.7768338606093361,-0.12336447211510371,1.6667564147438143,0.7533078042196242,0.9134486105241901
CAT,CAT,Caterpillar Inc.,Stock,Blue-chip compounder,Industrials,Quality,US,False,False,False,False,True,"Known-universe stock candidate added from Dow 30, S&P 500",Dow 30; S&P 500,2,813.9375,,,,US,USD,0.39806817119465154,0.020649717107662058,0.0027022691704547963,0.01794744793720726,-0.1774871610659572,0.02989085947713166,-0.20737802054308885,0.7414055205166883,0.1569835212288262,0.5844219992878621,2.095398388091879,0.7768338606093361,1.3185645274825428,3.6356537409063607,0.7533078042196242,2.8823459366867366
CB,CB,Chubb Limited,Stock,Financial quality,Financials,Blend,US,False,False,False,False,True,"Known-universe stock candidate added from ETF holding: USMV, S&P 500",ETF holding: USMV; S&P 500,2,329.95001220703125,,,,US,USD,0.1942149067006412,-0.022602681708422723,0.0027022691704547963,-0.02530495087887752,-0.05908869347999701,0.02989085947713166,-0.08897955295712867,0.1910121221741723,0.1569835212288262,0.0340286009453461,0.6062787454245957,0.7768338606093361,-0.17055511518474042,0.9921042170386807,0.7533078042196242,0.2387964128190565
CDNS,CDNS,Cadence Design Systems,Stock,Large-cap diversifier,Information Technology,Blend,US,False,False,False,False,True,"Known-universe stock candidate added from Nasdaq-100, S&P 500",Nasdaq-100; S&P 500,2,327.3900146484375,,,,US,USD,0.4014666782087151,-0.033620592041738395,0.0027022691704547963,-0.03632286121219319,-0.13326978231473552,0.02989085947713166,-0.16316064179186718,-0.0606277259018434,0.1569835212288262,-0.2176112471306696,0.41574060388513523,0.7768338606093361,-0.3610932567242009,1.0180609213494667,0.7533078042196242,0.2647531171298425
CL,CL,Colgate-Palmolive,Stock,Large-cap diversifier,Consumer Staples,Blend,US,False,False,False,False,True,"Known-universe stock candidate added from ETF holding: XLP, S&P 500",ETF holding: XLP; S&P 500,2,86.62999725341797,,,,US,USD,0.2237251369043078,-0.03551550269700199,0.0027022691704547963,-0.038217771867456785,-0.060730577176566825,0.02989085947713166,-0.09062143665369848,0.10443167775416917,0.1569835212288262,-0.05255184347465702,0.28689348870666875,0.7768338606093361,-0.48994037190266737,0.27694108586865607,0.7533078042196242,-0.4763667183509681
CMCSA,CMCSA,Comcast,Stock,Quality growth,Communication Services,Growth,US,False,False,False,True,True,"Known-universe stock candidate added from Nasdaq-100, S&P 500",Nasdaq-100; S&P 500,2,21.8700008392334,,,,US,USD,0.3215422602802614,-0.1784372595886361,0.0027022691704547963,-0.1811395287590909,-0.07838174205154835,0.02989085947713166,-0.10827260152868001,-0.2230630137149665,0.1569835212288262,-0.3800465349437927,-0.4194720102895537,0.7768338606093361,-1.1963058708988898,-0.5097232848899382,0.7533078042196242,-1.2630310891095624
COP,COP,ConocoPhillips,Stock,Large-cap diversifier,Energy,Blend,US,False,False,False,False,True,"Known-universe stock candidate added from ETF holding: SCHD, S&P 500",ETF holding: SCHD; S&P 500,2,125.7301025390625,,,,US,USD,0.3087185138873341,-0.05102198410317327,0.0027022691704547963,-0.053724253273628064,0.2262032564630585,0.02989085947713166,0.19631239698592684,0.35309279366267954,0.1569835212288262,0.19610927243385334,0.14023936750419752,0.7768338606093361,-0.6365944931051386,1.4112608544404854,0.7533078042196242,0.6579530502208613
CPRT,CPRT,Copart,Stock,Large-cap diversifier,Industrials,Blend,US,False,False,False,False,True,"Known-universe stock candidate added from Nasdaq-100, S&P 500",Nasdaq-100; S&P 500,2,27.31999969482422,,,,US,USD,0.31111882267012475,-0.17187031510045347,0.0027022691704547963,-0.17457258427090827,-0.0510594364000283,0.02989085947713166,-0.08095029587715996,-0.38744393207375327,0.1569835212288262,-0.5444274533025795,-0.3700714695028712,0.7768338606093361,-1.1469053301122072,-0.24295120084075028,0.7533078042196242,-0.9962590050603745
CRM,CRM,Salesforce,Stock,Blue-chip compounder,Information Technology,Quality,US,False,False,False,False,True,"Known-universe stock candidate added from Dow 30, S&P 500",Dow 30; S&P 500,2,231.9149932861328,,,,US,USD,0.476644476344655,-0.0979148885657477,0.0027022691704547963,-0.1006171577362025,0.42328621191397353,0.02989085947713166,0.39339535243684187,-0.045768847718046235,0.1569835212288262,-0.20275236894687243,0.14540215280528468,0.7768338606093361,-0.6314317078040514,-0.08808010706798197,0.7533078042196242,-0.8413879112876061
CRWD,CRWD,CrowdStrike,Stock,Large-cap diversifier,Information Technology,Blend,US,False,False,False,False,True,"Known-universe stock candidate added from Nasdaq-100, S&P 500",Nasdaq-100; S&P 500,2,265.5299987792969,,,,US,USD,0.5484503483334762,0.14948051419609043,0.0027022691704547963,0.14677824502563563,0.3744856077592702,0.02989085947713166,0.34459474828213854,1.1744701987375614,0.1569835212288262,1.0174866775087352,5.64157083090462,0.7768338606093361,4.864736970295285,3.0872779765620857,0.7533078042196242,2.3339701723424615
CSX,CSX,CSX Corporation,Stock,Large-cap diversifier,Industrials,Blend,US,False,False,False,False,True,"Known-universe stock candidate added from Nasdaq-100, S&P 500",Nasdaq-100; S&P 500,2,46.994998931884766,,,,US,USD,0.21596486439444268,-0.06959017039107562,0.0027022691704547963,-0.07229243956153042,-0.02496068210172342,0.02989085947713166,-0.05485154157885508,0.328469934170982,0.1569835212288262,0.17148641294215583,0.5734098616404735,0.7768338606093361,-0.20342399896886265,0.68417221201163,0.7533078042196242,-0.06913559220799415
CTAS,CTAS,Cintas,Stock,Large-cap diversifier,Industrials,Blend,US,False,False,False,False,True,"Known-universe stock candidate added from Nasdaq-100, S&P 500",Nasdaq-100; S&P 500,2,195.53500366210938,,,,US,USD,0.23487647939846315,-0.030997521344648837,0.0027022691704547963,-0.033699790515103634,0.12519623526825097,0.02989085947713166,0.0953053757911193,-0.031430226273291284,0.1569835212288262,-0.18841374750211748,0.5884473285479204,0.7768338606093361,-0.18838653206141576,1.0683931708678425,0.7533078042196242,0.3150853666482183
D,D,Dominion Energy,Stock,Defensive large-cap,Utilities,Defensive,US,False,True,True,False,True,"Known-universe stock candidate added from ETF holding: XLU, S&P 500",ETF holding: XLU; S&P 500,2,60.744998931884766,,,,US,USD,0.20163762335351235,-0.07046399930885772,0.0027022691704547963,-0.07316626847931251,-0.09487126931335443,0.02989085947713166,-0.1247621287904861,0.03973400620747958,0.1569835212288262,-0.11724951502134662,0.4603196190461867,0.7768338606093361,-0.31651424156314945,0.016504669371355973,0.7533078042196242,-0.7368031348482682
DASH,DASH,DoorDash,Stock,Large-cap diversifier,Consumer Discretionary,Blend,US,False,False,False,False,True,"Known-universe stock candidate added from Nasdaq-100, S&P 500",Nasdaq-100; S&P 500,2,186.75999450683594,,,,US,USD,0.48222807808919854,-0.194096875464409,0.0027022691704547963,-0.1967991446348638,-0.011171708926250412,0.02989085947713166,-0.04106256840338207,-0.31464222199326264,0.1569835212288262,-0.47162574322208883,1.4746255662654404,0.7768338606093361,0.6977917056561043,-0.14196457151237551,0.7533078042196242,-0.8952723757319997
DDOG,DDOG,Datadog,Stock,Large-cap diversifier,Information Technology,Blend,US,False,False,False,False,True,"Known-universe stock candidate added from Nasdaq-100, S&P 500",Nasdaq-100; S&P 500,2,273.29998779296875,,,,US,USD,0.6986205386335996,0.15296994403415387,0.0027022691704547963,0.15026767486369907,0.03334836827081267,0.02989085947713166,0.003457508793681008,0.881453931764449,0.1569835212288262,0.7244704105356228,2.0763169637413097,0.7768338606093361,1.2994831031319736,0.8380522113493618,0.7533078042196242,0.08474440712973763
DIS,DIS,Walt Disney Company (The),Stock,Quality growth,Communication Services,Growth,US,False,False,False,True,True,"Known-universe stock candidate added from Dow 30, S&P 500",Dow 30; S&P 500,2,105.73500061035156,,,,US,USD,0.26609387665741513,-0.016875893908927075,0.0027022691704547963,-0.01957816307938187,0.10474351292210282,0.02989085947713166,0.07485265344497116,-0.06546380181348155,0.1569835212288262,-0.22244732304230774,0.3461826615953183,0.7768338606093361,-0.4306511990140178,-0.3719880786065184,0.7533078042196242,-1.1252958828261426
DUK,DUK,Duke Energy,Stock,Defensive large-cap,Utilities,Defensive,US,False,True,True,False,True,"Known-universe stock candidate added from ETF holding: XLU, S&P 500",ETF holding: XLU; S&P 500,2,114.48999786376953,,,,US,USD,0.16026355224192534,-0.04520061406730258,0.0027022691704547963,-0.04790288323775738,-0.08168384191440936,0.02989085947713166,-0.11157470139154102,-0.034950739920490914,0.1569835212288262,-0.1919342611493171,0.3736253959036462,0.7768338606093361,-0.40320846470568994,0.4087032934600259,0.7533078042196242,-0.3446045107595983
DXCM,DXCM,Dexcom,Stock,Defensive large-cap,Health Care,Defensive,US,False,True,False,False,True,"Known-universe stock candidate added from Nasdaq-100, S&P 500",Nasdaq-100; S&P 500,2,85.6050033569336,,,,US,USD,0.3952825222382867,-0.05990549470584017,0.0027022691704547963,-0.06260776387629496,0.24317459480336967,0.02989085947713166,0.213283735326238,0.2880680790881003,0.1569835212288262,0.1310845578592741,-0.005286941837877368,0.7768338606093361,-0.7821208024472135,-0.3997054386475323,0.7533078042196242,-1.1530132428671565
ETR,ETR,Entergy,Stock,Defensive large-cap,Utilities,Defensive,US,False,True,True,False,True,"Known-universe stock candidate added from ETF holding: XLU, S&P 500",ETF holding: XLU; S&P 500,2,99.82499694824219,,,,US,USD,0.20344715536222124,-0.061000853722880555,0.0027022691704547963,-0.06370312289333535,-0.11021697853444845,0.02989085947713166,-0.1401078380115801,0.09365280328176206,0.1569835212288262,-0.06333071794706413,1.2886593375877218,0.7768338606093361,0.5118254769783857,1.2436697635971528,0.7533078042196242,0.4903619593775286
FANG,FANG,Diamondback Energy,Stock,Large-cap diversifier,Energy,Blend,US,False,False,False,False,True,"Known-universe stock candidate added from Nasdaq-100, S&P 500",Nasdaq-100; S&P 500,2,184.63999938964844,,,,US,USD,0.3254202600552147,-0.079010358516856,0.0027022691704547963,-0.0817126276873108,0.0796513371390597,0.02989085947713166,0.04976047766192804,0.3169482536506325,0.1569835212288262,0.1599647324218063,0.3501655381596924,0.7768338606093361,-0.4266683224496437,1.704180534253993,0.7533078042196242,0.9508727300343689
FAST,FAST,Fastenal,Stock,Large-cap diversifier,Industrials,Blend,US,False,False,False,False,True,"Known-universe stock candidate added from Nasdaq-100, S&P 500",Nasdaq-100; S&P 500,2,49.744998931884766,,,,US,USD,0.25368778859009816,0.008821690255100378,0.0027022691704547963,0.006119421084645582,0.04749691563082559,0.02989085947713166,0.017606056153693928,0.04001542435109462,0.1569835212288262,-0.11696809687773158,0.951330729634285,0.7768338606093361,0.17449686902494888,1.1082873741013448,0.7533078042196242,0.35497956988172064
FTNT,FTNT,Fortinet,Stock,Large-cap diversifier,Information Technology,Blend,US,False,False,False,False,True,"Known-universe stock candidate added from Nasdaq-100, S&P 500",Nasdaq-100; S&P 500,2,178.0800018310547,,,,US,USD,0.4234366004993697,0.0418300442382602,0.0027022691704547963,0.039127775067805404,0.12014093984660401,0.02989085947713166,0.09025008036947235,1.1037211886713632,0.1569835212288262,0.946737667442537,2.0645327819757755,0.7768338606093361,1.2876989213664394,1.9520588481731678,0.7533078042196242,1.1987510439535436
GEHC,GEHC,GE HealthCare,Stock,Defensive large-cap,Health Care,Defensive,US,False,True,False,False,True,"Known-universe stock candidate added from Nasdaq-100, S&P 500",Nasdaq-100; S&P 500,2,65.61000061035156,,,,US,USD,0.34499646764532255,-0.07889937500662736,0.0027022691704547963,-0.08160164417708216,0.012134836221375123,0.02989085947713166,-0.017756023255756537,-0.10063111191616192,0.1569835212288262,-0.2576146331449881,-0.007945426370325026,0.7768338606093361,-0.7847792869796612,,,
GS,GS,Goldman Sachs,Stock,Blue-chip compounder,Financials,Quality,US,False,False,False,False,True,"Known-universe stock candidate added from Dow 30, S&P 500",Dow 30; S&P 500,2,909.9849853515625,,,,US,USD,0.3215833149877583,-0.10864436909594433,0.0027022691704547963,-0.11134663826639912,-0.10314557865065499,0.02989085947713166,-0.13303643812778665,0.15391094019337848,0.1569835212288262,-0.003072581035447719,1.9585667142258991,0.7768338606093361,1.181732853616563,1.664832224013867,0.7533078042196242,0.9115244197942429
IBM,IBM,IBM,Stock,Blue-chip compounder,Information Technology,Quality,US,False,False,False,False,True,"Known-universe stock candidate added from Dow 30, S&P 500",Dow 30; S&P 500,2,220.49000549316406,,,,US,USD,0.4871050978195472,-0.05721122804709944,0.0027022691704547963,-0.059913497217554235,-0.2242037046362877,0.02989085947713166,-0.25409456411341935,-0.1914864105122417,0.1569835212288262,-0.3484699317410679,0.6510777856960774,0.7768338606093361,-0.1257560749132587,1.0742798640711002,0.7533078042196242,0.32097205985147603
IDXX,IDXX,Idexx Laboratories,Stock,Defensive large-cap,Health Care,Defensive,US,False,True,False,False,True,"Known-universe stock candidate added from Nasdaq-100, S&P 500",Nasdaq-100; S&P 500,2,523.1950073242188,,,,US,USD,0.3201166611887942,-0.06016812762990653,0.0027022691704547963,-0.06287039680036133,-0.02675882530659779,0.02989085947713166,-0.05664968478372945,-0.17026926961759625,0.1569835212288262,-0.32725279084642245,0.19658544279943158,0.7768338606093361,-0.5802484178099045,-0.2208214363237141,0.7533078042196242,-0.9741292405433383
INTC,INTC,Intel,Stock,Large-cap diversifier,Information Technology,Blend,US,False,False,False,False,True,"Known-universe stock candidate added from Nasdaq-100, S&P 500",Nasdaq-100; S&P 500,2,118.7665023803711,,,,US,USD,0.7720082255862271,0.3268517433349343,0.0027022691704547963,0.3241494741644795,-0.06497791277611287,0.02989085947713166,-0.09486877225324453,2.4445041750910663,0.1569835212288262,2.28752065386224,2.521518652024516,0.7768338606093361,1.74468479141518,1.4101922561377642,0.7533078042196242,0.65688445191814
INTU,INTU,Intuit,Stock,Large-cap diversifier,Information Technology,Blend,US,False,False,False,False,True,"Known-universe stock candidate added from Nasdaq-100, S&P 500",Nasdaq-100; S&P 500,2,274.18499755859375,,,,US,USD,0.493439732304243,-0.23689115815784234,0.0027022691704547963,-0.23959342732829714,0.031150060466555995,0.02989085947713166,0.0012592009894243361,-0.6008792434678666,0.1569835212288262,-0.7578627646966928,-0.4476957472513401,0.7768338606093361,-1.2245296078606762,-0.494703508389294,0.7533078042196242,-1.2480113126089183
ISRG,ISRG,Intuitive Surgical,Stock,Defensive large-cap,Health Care,Defensive,US,False,True,False,False,True,"Known-universe stock candidate added from Nasdaq-100, S&P 500",Nasdaq-100; S&P 500,2,407.14990234375,,,,US,USD,0.36774105880748653,0.08037445780806585,0.0027022691704547963,0.07767218863761105,0.011854210952471744,0.02989085947713166,-0.018036648524659915,-0.07301602565416476,0.1569835212288262,-0.22999954688299096,0.38840546408780896,0.7768338606093361,-0.38842839652152716,0.18763766136250637,0.7533078042196242,-0.5656701428571178
KDP,KDP,Keurig Dr Pepper,Stock,Large-cap diversifier,Consumer Staples,Blend,US,False,False,False,False,True,"Known-universe stock candidate added from Nasdaq-100, S&P 500",Nasdaq-100; S&P 500,2,31.170000076293945,,,,US,USD,0.27029129608874725,-0.014563330728144197,0.0027022691704547963,-0.017265599898598993,-0.059154517815781515,0.02989085947713166,-0.08904537729291317,0.2529422611227756,0.1569835212288262,0.09595873989394943,0.05450906231293118,0.7768338606093361,-0.722324798296405,0.04254057230697317,0.7533078042196242,-0.710767231912651
KHC,KHC,Kraft Heinz,Stock,Large-cap diversifier,Consumer Staples,Blend,US,False,False,False,False,True,"Known-universe stock candidate added from Nasdaq-100, S&P 500",Nasdaq-100; S&P 500,2,23.28499984741211,,,,US,USD,0.26513076802023017,-0.07840816143196472,0.0027022691704547963,-0.08111043060241951,-0.05408787000885629,0.02989085947713166,-0.08397872948598795,-0.03194306248035428,0.1569835212288262,-0.18892658370918047,-0.1981802280186089,0.7768338606093361,-0.975014088627945,-0.17046110650748658,0.7533078042196242,-0.9237689107271108
LIN,LIN,Linde plc,Stock,Large-cap diversifier,Materials,Blend,US,False,False,False,False,True,"Known-universe stock candidate added from Nasdaq-100, S&P 500",Nasdaq-100; S&P 500,2,477.760009765625,,,,US,USD,0.19035574532428454,-0.020929400492148198,0.0027022691704547963,-0.023631669662602994,-0.10161494504182833,0.02989085947713166,-0.13150580451896,0.01626716608296852,0.1569835212288262,-0.14071635514585767,0.31835831494916245,0.7768338606093361,-0.4584755456601737,0.6702895728797356,0.7533078042196242,-0.08301823133988862
LITE,LITE,Lumentum,Stock,Large-cap diversifier,Information Technology,Blend,US,False,False,False,False,True,"Known-universe stock candidate added from Nasdaq-100, S&P 500",Nasdaq-100; S&P 500,2,953.5900268554688,,,,US,USD,0.9763985172923358,0.0424483106774558,0.0027022691704547963,0.039746041507001006,0.19026169406923032,0.02989085947713166,0.16037083459209867,4.865358691817421,0.1569835212288262,4.708375170588594,19.734724767404256,0.7768338606093361,18.95789090679492,10.302477134198034,0.7533078042196242,9.54916932997841
MA,MA,Mastercard,Stock,Financial quality,Financials,Blend,US,False,False,False,False,True,"Known-universe stock candidate added from ETF holding: VIG, S&P 500",ETF holding: VIG; S&P 500,2,556.75,,,,US,USD,0.22314614160651688,-0.05525105240617678,0.0027022691704547963,-0.05795332157663158,0.06745905249790174,0.02989085947713166,0.03756819302077008,-0.013941234443573758,0.1569835212288262,-0.17092475567239995,0.40816105209720366,0.7768338606093361,-0.36867280851213247,0.6699082518085746,0.7533078042196242,-0.08339955241104957
MAR,MAR,Marriott International,Stock,Large-cap diversifier,Consumer Discretionary,Blend,US,False,False,False,False,True,"Known-universe stock candidate added from Nasdaq-100, S&P 500",Nasdaq-100; S&P 500,2,358.7699890136719,,,,US,USD,0.2729188096644267,0.04977170751988247,0.0027022691704547963,0.04706943834942767,-0.023949090022087005,0.02989085947713166,-0.053839949499218664,0.3558108651238532,0.1569835212288262,0.198827343895027,0.9125258573925401,0.7768338606093361,0.13569199678320398,1.5915985048489243,0.7533078042196242,0.8382907006293001
MCD,MCD,McDonald's,Stock,Blue-chip compounder,Consumer Discretionary,Quality,US,False,False,False,False,True,"Known-universe stock candidate added from Dow 30, S&P 500",Dow 30; S&P 500,2,233.7899932861328,,,,US,USD,0.19127498918797117,-0.10658066124756571,0.0027022691704547963,-0.10928293041802051,-0.12611163432261374,0.02989085947713166,-0.1560024937997454,-0.20854397797222024,0.1569835212288262,-0.36552749920104644,-0.0683477113694132,0.7768338606093361,-0.8451815719787493,0.0803728602809779,0.7533078042196242,-0.6729349439386463
MCHP,MCHP,Microchip Technology,Stock,Large-cap diversifier,Information Technology,Blend,US,False,False,False,False,True,"Known-universe stock candidate added from Nasdaq-100, S&P 500",Nasdaq-100; S&P 500,2,78.2300033569336,,,,US,USD,0.5031869169329902,0.06507837450367382,0.0027022691704547963,0.06237610533321902,-0.11263189131384665,0.02989085947713166,-0.14252275079097831,0.2529892531142617,0.1569835212288262,0.09600573188543549,0.08968504356237261,0.7768338606093361,-0.6871488170469635,0.08055175803427339,0.7533078042196242,-0.6727560461853508
MMM,MMM,3M,Stock,Blue-chip compounder,Industrials,Quality,US,False,False,False,False,True,"Known-universe stock candidate added from Dow 30, S&P 500",Dow 30; S&P 500,2,167.13499450683594,,,,US,USD,0.26275929543910514,-0.027323559763649086,0.0027022691704547963,-0.030025828934103882,0.049428845058677284,0.02989085947713166,0.019537985581545625,0.10475236727772841,0.1569835212288262,-0.052231153951097786,1.2899206237043441,0.7768338606093361,0.513086763095008,0.3242277374606586,0.7533078042196242,-0.4290800667589656
MNST,MNST,Monster Beverage,Stock,Large-cap diversifier,Consumer Staples,Blend,US,False,False,False,False,True,"Known-universe stock candidate added from Nasdaq-100, S&P 500",Nasdaq-100; S&P 500,2,42.064998626708984,,,,US,USD,0.2655024479748132,-0.08395034181084482,0.0027022691704547963,-0.08665261098129962,-0.13579867928007672,0.02989085947713166,-0.16568953875720838,0.2564217204854602,0.1569835212288262,0.099438199256634,0.53943266064831,0.7768338606093361,-0.23740119996102615,0.8176514536193058,0.7533078042196242,0.06434364939968162
MO,MO,Altria,Stock,Large-cap diversifier,Consumer Staples,Blend,US,False,False,False,False,True,"Known-universe stock candidate added from ETF holding: XLP, S&P 500",ETF holding: XLP; S&P 500,2,68.15499877929688,,,,US,USD,0.25799434724917825,0.011149432182833374,0.0027022691704547963,0.008447163012378578,-0.0321007076776223,0.02989085947713166,-0.06199156715475396,0.10803081252279534,0.1569835212288262,-0.048952708706030856,1.0223650197336078,0.7768338606093361,0.2455311591242717,1.0745388046012194,0.7533078042196242,0.32123100038159524
MPWR,MPWR,Monolithic Power Systems,Stock,Large-cap diversifier,Information Technology,Blend,US,False,False,False,False,True,"Known-universe stock candidate added from Nasdaq-100, S&P 500",Nasdaq-100; S&P 500,2,1336.5074462890625,,,,US,USD,0.5476139507202771,0.05421916096677193,0.0027022691704547963,0.05151689179631713,0.003587413282256202,0.02989085947713166,-0.026303446194875457,0.5180177685129694,0.1569835212288262,0.36103424728414324,2.0164098870926592,0.7768338606093361,1.239576026483323,1.7287817038241484,0.7533078042196242,0.9754738996045242
MRVL,MRVL,Marvell Technology,Stock,Large-cap diversifier,Information Technology,Blend,US,False,False,False,False,True,"Known-universe stock candidate added from Nasdaq-100, S&P 500",Nasdaq-100; S&P 500,2,258.1300048828125,,,,US,USD,0.7929590891557805,0.21955022402289615,0.0027022691704547963,0.21684795485244135,-0.05093289244625565,0.02989085947713166,-0.08082375192338731,2.139701312037737,0.1569835212288262,1.9827177908089109,3.950308849139623,0.7768338606093361,3.173474988530287,3.19607685800886,0.7533078042196242,2.442769053789236
MSI,MSI,Motorola Solutions,Stock,Large-cap diversifier,Information Technology,Blend,US,False,False,False,False,True,"Known-universe stock candidate added from ETF holding: USMV, S&P 500",ETF holding: USMV; S&P 500,2,447.6050109863281,,,,US,USD,0.26044394166724066,-0.07528855619922581,0.0027022691704547963,-0.0779908253696806,0.07118552244128673,0.02989085947713166,0.04129466296415507,-0.0030406092937028673,0.1569835212288262,-0.16002413052252906,0.6706580108000137,0.7768338606093361,-0.10617584980932238,0.9849258125380451,0.7533078042196242,0.23161800831842094
NEE,NEE,NextEra Energy,Stock,Defensive large-cap,Utilities,Defensive,US,False,True,True,False,True,"Known-universe stock candidate added from ETF holding: XLU, S&P 500",ETF holding: XLU; S&P 500,2,76.00499725341797,,,,US,USD,0.21305505176505818,-0.07693708241710795,0.0027022691704547963,-0.07963935158756275,-0.11338955165779441,0.02989085947713166,-0.14328041113492607,0.025971728155355756,0.1569835212288262,-0.13101179307347044,0.23149148876176362,0.7768338606093361,-0.5453423718475725,0.061492583178849536,0.7533078042196242,-0.6918152210407746
NFLX,NFLX,Netflix,Stock,Quality growth,Communication Services,Growth,US,False,False,False,True,True,"Known-universe stock candidate added from Nasdaq-100, S&P 500",Nasdaq-100; S&P 500,2,70.04499816894531,,,,US,USD,0.364315956690684,-0.13578043761188763,0.0027022691704547963,-0.13848270678234242,-0.05587011910040818,0.02989085947713166,-0.08576097857753984,-0.41939308491925176,0.1569835212288262,-0.576376606148078,0.820296231866185,0.7768338606093361,0.04346237125684893,0.185896889825224,0.7533078042196242,-0.5674109143944002
NKE,NKE,"Nike, Inc.",Stock,Blue-chip compounder,Consumer Discretionary,Quality,US,False,False,False,False,True,"Known-universe stock candidate added from Dow 30, S&P 500",Dow 30; S&P 500,2,35.77000045776367,,,,US,USD,0.36245101514360245,-0.0745149017959772,0.0027022691704547963,-0.07721717096643199,-0.1604865420677053,0.02989085947713166,-0.19037740154483695,-0.4687361438917431,0.1569835212288262,-0.6257196651205693,-0.5767023606532393,0.7768338606093361,-1.3535362212625754,-0.7510007089007513,0.7533078042196242,-1.5043085131203755
NXPI,NXPI,NXP Semiconductors,Stock,Large-cap diversifier,Information Technology,Blend,US,False,False,False,False,True,"Known-universe stock candidate added from Nasdaq-100, S&P 500",Nasdaq-100; S&P 500,2,233.4499969482422,,,,US,USD,0.4969135085407586,0.043894687629468576,0.0027022691704547963,0.04119241845901378,-0.16003825769271485,0.02989085947713166,-0.1899291171698465,0.05069846470241268,0.1569835212288262,-0.10628505652641351,0.2425986440018304,0.7768338606093361,-0.5342352166075057,0.20106682614550708,0.7533078042196242,-0.5522409780741171
ODFL,ODFL,Old Dominion,Stock,Large-cap diversifier,Industrials,Blend,US,False,False,False,False,True,"Known-universe stock candidate added from Nasdaq-100, S&P 500",Nasdaq-100; S&P 500,2,176.5050048828125,,,,US,USD,0.37885330062387046,-0.11592748445708456,0.0027022691704547963,-0.11862975362753936,-0.18893771145238603,0.02989085947713166,-0.21882857092951769,0.2592311411134227,0.1569835212288262,0.10224761988459652,-0.12053390349377613,0.7768338606093361,-0.8973677641031123,0.2206794605108533,0.7533078042196242,-0.5326283437087709
ORLY,ORLY,O'Reilly Automotive,Stock,Large-cap diversifier,Consumer Discretionary,Blend,US,False,False,False,False,True,"Known-universe stock candidate added from Nasdaq-100, S&P 500",Nasdaq-100; S&P 500,2,85.66000366210938,,,,US,USD,0.25938234604862587,-0.03536035227181533,0.0027022691704547963,-0.03806262144227013,-0.07584419672165688,0.02989085947713166,-0.10573505619878854,-0.203533228902969,0.1569835212288262,-0.3605167501317952,0.37622640875744384,0.7768338606093361,-0.4006074518518923,1.0715507597029434,0.7533078042196242,0.31824295548331927
PANW,PANW,Palo Alto Networks,Stock,Large-cap diversifier,Information Technology,Blend,US,False,False,False,False,True,"Known-universe stock candidate added from Nasdaq-100, S&P 500",Nasdaq-100; S&P 500,2,398.44500732421875,,,,US,USD,0.47718103186136324,0.04269490025105349,0.0027022691704547963,0.039992631080598695,0.13181740044576618,0.02989085947713166,0.10192654096863452,0.9535447843125051,0.1569835212288262,0.7965612630836789,2.5178122939241687,0.7768338606093361,1.7409784333148326,4.022732765625705,0.7533078042196242,3.2694249614060804
PAYX,PAYX,Paychex,Stock,Large-cap diversifier,Industrials,Blend,US,False,False,False,False,True,"Known-universe stock candidate added from Nasdaq-100, S&P 500",Nasdaq-100; S&P 500,2,100.26000213623047,,,,US,USD,0.29629987313975004,-0.21265898366923675,0.0027022691704547963,-0.21536125283969154,-0.013689764469673071,0.02989085947713166,-0.04358062394680473,-0.18559161754146725,0.1569835212288262,-0.34257513877029344,-0.028986369300394443,0.7768338606093361,-0.8058202299097306,0.07057663922813884,0.7533078042196242,-0.6827311649914853
PCAR,PCAR,Paccar,Stock,Large-cap diversifier,Industrials,Blend,US,False,False,False,False,True,"Known-universe stock candidate added from Nasdaq-100, S&P 500",Nasdaq-100; S&P 500,2,111.55999755859375,,,,US,USD,0.26818753926659367,-0.10126480281121653,0.0027022691704547963,-0.10396707198167132,-0.07740515894743472,0.02989085947713166,-0.10729601842456638,0.14482008634853138,0.1569835212288262,-0.01216343488029481,0.45705180416680524,0.7768338606093361,-0.3197820564425309,1.5310694641544864,0.7533078042196242,0.7777616599348622
PFE,PFE,Pfizer,Stock,Defensive large-cap,Health Care,Defensive,US,False,True,False,False,True,"Known-universe stock candidate added from ETF holding: XLV, S&P 500",ETF holding: XLV; S&P 500,2,28.621599197387695,,,,US,USD,0.23158281488667082,0.005678148914741277,0.0027022691704547963,0.0029758797442864804,0.21952696436714336,0.02989085947713166,0.1896361048900117,0.2842304883922584,0.1569835212288262,0.1272469671634322,0.05250119078271398,0.7768338606093361,-0.7243326698266221,-0.15151395725283867,0.7533078042196242,-0.9048217614724628
PLTR,PLTR,Palantir Technologies,Stock,Large-cap diversifier,Information Technology,Blend,US,False,False,False,False,True,"Known-universe stock candidate added from Nasdaq-100, S&P 500",Nasdaq-100; S&P 500,2,189.2899932861328,,,,US,USD,0.6058840753967966,0.015613200596008125,0.0027022691704547963,0.01291093142555333,0.5055276245301563,0.02989085947713166,0.47563676505302466,0.05831372380738786,0.1569835212288262,-0.09866979742143833,12.31153232992758,0.7768338606093361,11.534698469318243,5.900838176455127,0.7533078042196242,5.147530372235503
PM,PM,Philip Morris International,Stock,Large-cap diversifier,Consumer Staples,Blend,US,False,False,False,False,True,"Known-universe stock candidate added from ETF holding: XLP, S&P 500",ETF holding: XLP; S&P 500,2,192.4600067138672,,,,US,USD,0.27875013274800287,0.027549405114977388,0.0027022691704547963,0.02484713594452259,0.08312231453388264,0.02989085947713166,0.053231455056750976,0.22357322648435285,0.1569835212288262,0.06658970525552665,1.3351127538715102,0.7768338606093361,0.5582788932621741,1.4188524628675858,0.7533078042196242,0.6655446586479616
PYPL,PYPL,PayPal,Stock,Financial quality,Financials,Blend,US,False,False,False,False,True,"Known-universe stock candidate added from Nasdaq-100, S&P 500",Nasdaq-100; S&P 500,2,53.36830139160156,,,,US,USD,0.4410447922997547,0.015857262490871715,0.0027022691704547963,0.013154993320416919,0.21398053716602616,0.02989085947713166,0.1840896776888945,-0.22555311901008468,0.1569835212288262,-0.3825366402389109,-0.08318960980815904,0.7768338606093361,-0.8600234704174952,-0.8018526187693436,0.7533078042196242,-1.5551604229889677
QCOM,QCOM,Qualcomm,Stock,Large-cap diversifier,Information Technology,Blend,US,False,False,False,False,True,"Known-universe stock candidate added from Nasdaq-100, S&P 500",Nasdaq-100; S&P 500,2,185.3000030517578,,,,US,USD,0.5434029233702689,0.09284672499768054,0.0027022691704547963,0.09014445582722574,0.024123248100634154,0.02989085947713166,-0.005767611376497506,0.14433646400286015,0.1569835212288262,-0.01264705722596604,0.7880300636126396,0.7768338606093361,0.011196203003303484,0.5531360631321258,0.7533078042196242,-0.20017174108749836
REGN,REGN,Regeneron Pharmaceuticals,Stock,Defensive large-cap,Health Care,Defensive,US,False,True,False,False,True,"Known-universe stock candidate added from Nasdaq-100, S&P 500",Nasdaq-100; S&P 500,2,746.8300170898438,,,,US,USD,0.33317172976127324,-0.06538769445178771,0.0027022691704547963,-0.06808996362224251,0.1968595997798792,0.02989085947713166,0.16696874030274755,0.33867081263004684,0.1569835212288262,0.18168729140122064,-0.09676314233864802,0.7768338606093361,-0.8735970029479841,0.1650814619697507,0.7533078042196242,-0.5882263422498735
ROP,ROP,Roper Technologies,Stock,Large-cap diversifier,Information Technology,Blend,US,False,False,False,False,True,"Known-universe stock candidate added from Nasdaq-100, S&P 500",Nasdaq-100; S&P 500,2,352.05999755859375,,,,US,USD,0.2930481812358466,-0.17092128529133854,0.0027022691704547963,-0.17362355446179334,-0.004897490994411391,0.02989085947713166,-0.03478835047154305,-0.2910484551025292,0.1569835212288262,-0.4480319763313554,-0.2707122784916075,0.7768338606093361,-1.0475461391009437,-0.21158478040347406,0.7533078042196242,-0.9648925846230982
ROST,ROST,Ross Stores,Stock,Large-cap diversifier,Consumer Discretionary,Blend,US,False,False,False,False,True,"Known-universe stock candidate added from Nasdaq-100, S&P 500",Nasdaq-100; S&P 500,2,234.375,,,,US,USD,0.2638637280792089,0.02751375453592808,0.0027022691704547963,0.024811485365473285,0.10820192073903212,0.02989085947713166,0.07831106126190046,0.5562067217998827,0.1569835212288262,0.39922320057105654,1.200940257153217,0.7768338606093361,0.42410639654388094,1.1678152959268995,0.7533078042196242,0.4145074917072753
SBUX,SBUX,Starbucks,Stock,Large-cap diversifier,Consumer Discretionary,Blend,US,False,False,False,False,True,"Known-universe stock candidate added from Nasdaq-100, S&P 500",Nasdaq-100; S&P 500,2,95.30999755859375,,,,US,USD,0.27605341869112193,-0.10296472886029406,0.0027022691704547963,-0.10566699803074886,-0.07285515682939725,0.02989085947713166,-0.10274601630652891,0.14131498235423035,0.1569835212288262,-0.01566853887459585,0.10823307464597454,0.7768338606093361,-0.6686007859633616,-0.051018297441348115,0.7533078042196242,-0.8043261016609723
SHW,SHW,Sherwin-Williams,Stock,Blue-chip compounder,Materials,Quality,US,False,False,False,False,True,"Known-universe stock candidate added from Dow 30, S&P 500",Dow 30; S&P 500,2,325.6400146484375,,,,US,USD,0.2748607860416129,-0.038871293660331374,0.0027022691704547963,-0.04157356283078617,-0.056804797432949417,0.02989085947713166,-0.08669565691008108,-0.04138290756066676,0.1569835212288262,-0.19836642878949295,0.30526156125134474,0.7768338606093361,-0.4715722993579914,0.16701073592323645,0.7533078042196242,-0.5862970682963877
SNDK,SNDK,Sandisk,Stock,Large-cap diversifier,Information Technology,Blend,US,False,False,False,False,True,"Known-universe stock candidate added from Nasdaq-100, S&P 500",Nasdaq-100; S&P 500,2,1749.6300048828125,,,,US,USD,1.1535510369923527,0.11676138342514641,0.0027022691704547963,0.11405911425469162,-0.1390548119269488,0.02989085947713166,-0.16894567140408046,14.415242333769273,0.1569835212288262,14.258258812540447,,,,,,
SNPS,SNPS,Synopsys,Stock,Large-cap diversifier,Information Technology,Blend,US,False,False,False,False,True,"Known-universe stock candidate added from Nasdaq-100, S&P 500",Nasdaq-100; S&P 500,2,421.8399963378906,,,,US,USD,0.4281912419525234,-0.040378534879934924,0.0027022691704547963,-0.04308080405038972,-0.07192045085956866,0.02989085947713166,-0.10181131033670032,-0.12410454689813244,0.1569835212288262,-0.28108806812695863,-0.05803539515811551,0.7768338606093361,-0.8348692557674516,0.3161113527927175,0.7533078042196242,-0.43719645142690666
SO,SO,Southern Company,Stock,Defensive large-cap,Utilities,Defensive,US,False,True,True,False,True,"Known-universe stock candidate added from ETF holding: XLU, S&P 500",ETF holding: XLU; S&P 500,2,83.41000366210938,,,,US,USD,0.17274852008063207,-0.05215904929421167,0.0027022691704547963,-0.054861318464666464,-0.11586690155743451,0.02989085947713166,-0.14575776103456617,-0.08248130757824834,0.1569835212288262,-0.23946482880707454,0.33486175494864345,0.7768338606093361,-0.44197210566069267,0.5742011491981307,0.7533078042196242,-0.17910665502149348
SRE,SRE,Sempra,Stock,Defensive large-cap,Utilities,Defensive,US,False,True,True,False,True,"Known-universe stock candidate added from ETF holding: XLU, S&P 500",ETF holding: XLU; S&P 500,2,78.06009674072266,,,,US,USD,0.20292042521423984,-0.03652714859583728,0.0027022691704547963,-0.039229417766292074,-0.13849482907090838,0.02989085947713166,-0.16838568854804004,-0.09705825145385061,0.1569835212288262,-0.2540417726826768,0.2067965877291531,0.7768338606093361,-0.570037272880183,0.4073399468658827,0.7533078042196242,-0.34596785735374147
STX,STX,Seagate Technology,Stock,Large-cap diversifier,Information Technology,Blend,US,False,False,False,False,True,"Known-universe stock candidate added from Nasdaq-100, S&P 500",Nasdaq-100; S&P 500,2,919.5999755859375,,,,US,USD,0.7487145866734881,0.11100840059147687,0.0027022691704547963,0.10830613142102208,0.005624108666245409,0.02989085947713166,-0.02426675081088625,3.0496473158570687,0.1569835212288262,2.8926637946282425,14.146291361810007,0.7768338606093361,13.369457501200671,11.776727565059293,0.7533078042196242,11.02341976083967
TER,TER,Teradyne,Stock,Large-cap diversifier,Information Technology,Blend,US,False,False,False,False,True,"Known-universe stock candidate added from Nasdaq-100, S&P 500",Nasdaq-100; S&P 500,2,396.0,,,,US,USD,0.7671393829504642,0.1324132915175349,0.0027022691704547963,0.1297110223470801,-0.07298141837587602,0.02989085947713166,-0.10287227785300768,1.953674028320028,0.1569835212288262,1.7966905070912018,3.1508307977347227,0.7768338606093361,2.3739969371253866,2.4115815953088062,0.7533078042196242,1.658273791089182
TGT,TGT,Target Corporation,Stock,Large-cap diversifier,Consumer Staples,Blend,US,False,False,False,False,True,"Known-universe stock candidate added from ETF holding: XLP, S&P 500",ETF holding: XLP; S&P 500,2,158.6699981689453,,,,US,USD,0.3073246921723011,-0.013736988107857062,0.0027022691704547963,-0.01643925727831186,0.22716929963433685,0.02989085947713166,0.1972784401572052,0.8585512443562349,0.1569835212288262,0.7015677231274087,0.5775757702642674,0.7768338606093361,-0.1992580903450687,-0.23309707815551772,0.7533078042196242,-0.9864048823751419
TJX,TJX,TJX Companies,Stock,Large-cap diversifier,Consumer Discretionary,Blend,US,False,False,False,False,True,"Known-universe stock candidate added from ETF holding: QUAL, S&P 500",ETF holding: QUAL; S&P 500,2,132.82000732421875,,,,US,USD,0.2108874093792559,-0.00813976781481518,0.0027022691704547963,-0.010842036985269976,-0.11966249703165843,0.02989085947713166,-0.1495533565087901,-0.06326338266347464,0.1569835212288262,-0.22024690389230084,0.5646922980200049,0.7768338606093361,-0.21214156258933126,1.053524022207192,0.7533078042196242,0.3002162179875678
TMO,TMO,Thermo Fisher Scientific,Stock,Defensive large-cap,Health Care,Defensive,US,False,True,False,False,True,"Known-universe stock candidate added from ETF holding: XLV, S&P 500",ETF holding: XLV; S&P 500,2,676.4299926757812,,,,US,USD,0.3048084322497497,0.09698349629440162,0.0027022691704547963,0.09428122712394682,0.3187393747968963,0.02989085947713166,0.28884851531976463,0.4691521085981416,0.1569835212288262,0.3121685873693154,0.35072721477988544,0.7768338606093361,-0.4261066458294507,0.1311058080140044,0.7533078042196242,-0.6222019962056198
TMUS,TMUS,T-Mobile US,Stock,Quality growth,Communication Services,Growth,US,False,False,False,True,True,"Known-universe stock candidate added from Nasdaq-100, S&P 500",Nasdaq-100; S&P 500,2,164.05499267578125,,,,US,USD,0.303167792664742,-0.09080586091737419,0.0027022691704547963,-0.09350813008782899,-0.04656280004118274,0.02989085947713166,-0.0764536595183144,-0.2960133491196294,0.1569835212288262,-0.4529968703484556,0.23236184496403212,0.7768338606093361,-0.544472015645304,0.35084172334432817,0.7533078042196242,-0.402466080875296
TRV,TRV,Travelers Companies (The),Stock,Blue-chip compounder,Financials,Quality,US,False,False,False,False,True,"Known-universe stock candidate added from Dow 30, S&P 500",Dow 30; S&P 500,2,359.94000244140625,,,,US,USD,0.20863710304064206,-0.01300617735474252,0.0027022691704547963,-0.015708446525197317,0.07934565256522852,0.02989085947713166,0.04945479308809686,0.32166788697665893,0.1569835212288262,0.16468436574783274,1.2565234293988046,0.7768338606093361,0.47968956878946845,1.5639236191006813,0.7533078042196242,0.8106158148810572
TTWO,TTWO,Take-Two Interactive,Stock,Quality growth,Communication Services,Growth,US,False,False,False,True,True,"Known-universe stock candidate added from Nasdaq-100, S&P 500",Nasdaq-100; S&P 500,2,208.55999755859375,,,,US,USD,0.3279139978170422,-0.05070550543645591,0.0027022691704547963,-0.05340777460691071,-0.1668264962597925,0.02989085947713166,-0.19671735573692417,-0.1977227095938201,0.1569835212288262,-0.3547062308226463,0.5031351175394143,0.7768338606093361,-0.2736987430699218,0.4358691742416092,0.7533078042196242,-0.317438629978015
TXN,TXN,Texas Instruments,Stock,Large-cap diversifier,Information Technology,Blend,US,False,False,False,False,True,"Known-universe stock candidate added from Nasdaq-100, S&P 500",Nasdaq-100; S&P 500,2,279.7200012207031,,,,US,USD,0.42488879122010903,0.07209381508787827,0.0027022691704547963,0.06939154591742347,-0.05783252238168979,0.02989085947713166,-0.08772338185882145,0.5661405540436231,0.1569835212288262,0.4091570328147969,0.8943127001215014,0.7768338606093361,0.11747883951216531,0.6449804877781766,0.7533078042196242,-0.10832731644144755
WBD,WBD,Warner Bros. Discovery,Stock,Quality growth,Communication Services,Growth,US,False,False,False,True,True,"Known-universe stock candidate added from Nasdaq-100, S&P 500",Nasdaq-100; S&P 500,2,30.809999465942383,,,,US,USD,0.273294945378405,0.07991583331311003,0.0027022691704547963,0.07721356414265523,0.1491980633972534,0.02989085947713166,0.11930720392012173,0.6336160375854869,0.1569835212288262,0.4766325163566607,1.8902438937109385,0.7768338606093361,1.1134100331016024,0.2110848592434469,0.7533078042196242,-0.5422229449761773
WDAY,WDAY,"Workday, Inc.",Stock,Large-cap diversifier,Information Technology,Blend,US,False,False,False,False,True,"Known-universe stock candidate added from Nasdaq-100, S&P 500",Nasdaq-100; S&P 500,2,190.13999938964844,,,,US,USD,0.5398693643072837,-0.03702201910142311,0.0027022691704547963,-0.039724288271877906,0.45958388849031473,0.02989085947713166,0.42969302901318307,-0.23234689525012975,0.1569835212288262,-0.38933041647895594,-0.1789800837846489,0.7768338606093361,-0.955813944393985,-0.29762474459240473,0.7533078042196242,-1.050932548812029
WDC,WDC,Western Digital,Stock,Large-cap diversifier,Information Technology,Blend,US,False,False,False,False,True,"Known-universe stock candidate added from Nasdaq-100, S&P 500",Nasdaq-100; S&P 500,2,457.3599853515625,,,,US,USD,0.7992221009878564,0.015440733865785594,0.0027022691704547963,0.012738464695330798,-0.23541153004913606,0.02989085947713166,-0.2653023895262677,2.925074897602622,0.1569835212288262,2.7680913763737958,12.627356331532972,0.7768338606093361,11.850522470923636,9.746776437906071,0.7533078042196242,8.993468633686447
WELL,WELL,Welltower,Stock,Large-cap diversifier,Real Estate,Blend,US,False,False,True,False,True,"Known-universe stock candidate added from ETF holding: USMV, S&P 500",ETF holding: USMV; S&P 500,2,231.96499633789062,,,,US,USD,0.22706372681207468,-0.018096042397006906,0.0027022691704547963,-0.020798311567461703,0.011515207003847783,0.02989085947713166,-0.018375652473283877,0.3358687384357548,0.1569835212288262,0.17888521720692863,1.956527235361969,0.7768338606093361,1.1796933747526328,2.060385204034129,0.7533078042196242,1.3070773998145047
XOM,XOM,ExxonMobil,Stock,Large-cap diversifier,Energy,Blend,US,False,False,False,False,True,"Known-universe stock candidate added from ETF holding: VIG, S&P 500",ETF holding: VIG; S&P 500,2,162.89500427246094,,,,US,USD,0.25971816455248947,0.012084544026703004,0.0027022691704547963,0.009382274856248207,0.20303620089145702,0.02989085947713166,0.17314534141432536,0.4674849383461066,0.1569835212288262,0.3105014171172804,0.5466417998293485,0.7768338606093361,-0.23019206077998766,2.5156892206640644,0.7533078042196242,1.7623814164444402
A,A,Agilent Technologies,Stock,Defensive large-cap,Health Care,Defensive,US,False,True,False,False,True,Known-universe stock candidate added from S&P 500,S&P 500,1,173.47000122070312,,,,US,USD,0.3333013145256658,0.12965618636788756,0.0027022691704547963,0.12695391719743276,0.3004723143747541,0.02989085947713166,0.2705814548976224,0.4130264825707928,0.1569835212288262,0.2560429613419666,0.5854668778664471,0.7768338606093361,-0.191366982742889,0.04231779840617533,0.7533078042196242,-0.7109900058134488
ACGL,ACGL,Arch Capital Group,Stock,Financial quality,Financials,Blend,US,False,False,False,False,True,Known-universe stock candidate added from S&P 500,S&P 500,1,94.55000305175781,,,,US,USD,0.2057069057564662,-0.03589269556459662,0.0027022691704547963,-0.03859496473505142,-0.040588532482330075,0.02989085947713166,-0.07047939195946173,0.05254370616155768,0.1569835212288262,-0.10443981506726852,0.22528980467709547,0.7768338606093361,-0.5515440559322407,1.5482386612309926,0.7533078042196242,0.7949308570113685
ACN,ACN,Accenture,Stock,Large-cap diversifier,Information Technology,Blend,US,False,False,False,False,True,Known-universe stock candidate added from S&P 500,S&P 500,1,180.0399932861328,,,,US,USD,0.449277016998129,-0.05122260488025554,0.0027022691704547963,-0.053924874050710336,0.38949761241391667,0.02989085947713166,0.359606752936785,-0.2560729094008718,0.1569835212288262,-0.413056430629698,-0.4001234111337647,0.7768338606093361,-1.1769572717431007,-0.41558132344857457,0.7533078042196242,-1.1688891276681987
ADM,ADM,Archer Daniels Midland,Stock,Large-cap diversifier,Consumer Staples,Blend,US,False,False,False,False,True,Known-universe stock candidate added from S&P 500,S&P 500,1,79.81500244140625,,,,US,USD,0.27444239976993356,-0.018144894298301684,0.0027022691704547963,-0.02084716346875648,0.04844771988563745,0.02989085947713166,0.018556860408505793,0.3620795610310936,0.1569835212288262,0.20509603980226743,0.14148668390724395,0.7768338606093361,-0.6353471767020922,0.5584736048593513,0.7533078042196242,-0.1948341993602729
AEE,AEE,Ameren,Stock,Defensive large-cap,Utilities,Defensive,US,False,True,True,False,True,Known-universe stock candidate added from S&P 500,S&P 500,1,100.31999969482422,,,,US,USD,0.17119476507456555,-0.046960719103768644,0.0027022691704547963,-0.04966298827422344,-0.09945901011287839,0.02989085947713166,-0.12934986959001005,-0.0036453801139813002,0.1569835212288262,-0.1606289013428075,0.3822214345324124,0.7768338606093361,-0.3946124260769237,0.3910674530782996,0.7533078042196242,-0.3622403511413246
AES,AES,AES Corporation,Stock,Defensive large-cap,Utilities,Defensive,US,False,True,True,False,True,Known-universe stock candidate added from S&P 500,S&P 500,1,14.895000457763672,,,,US,USD,0.3253042602735985,0.010515650546292443,0.0027022691704547963,0.007813381375837647,0.029620982973869614,0.02989085947713166,-0.0002698765032620454,0.18818294098203148,0.1569835212288262,0.031199419753205282,0.06243743481588737,0.7768338606093361,-0.7143964257934488,-0.22996127062942695,0.7533078042196242,-0.9832690748490511
AFL,AFL,Aflac,Stock,Financial quality,Financials,Blend,US,False,False,False,False,True,Known-universe stock candidate added from S&P 500,S&P 500,1,113.08999633789062,,,,US,USD,0.1693916813571033,-0.023823928982157128,0.0027022691704547963,-0.026526198152611924,-0.040766665404767144,0.02989085947713166,-0.0706575248818988,0.03685942701414868,0.1569835212288262,-0.12012409421467751,0.5696086454140068,0.7768338606093361,-0.20722521519532933,1.440888821557249,0.7533078042196242,0.6875810173376249
AIG,AIG,American International Group,Stock,Financial quality,Financials,Blend,US,False,False,False,False,True,Known-universe stock candidate added from S&P 500,S&P 500,1,74.9000015258789,,,,US,USD,0.24244487591554836,-0.01262240647624735,0.0027022691704547963,-0.015324675646702146,-0.015587388102489719,0.02989085947713166,-0.04547824757962138,-0.014826039246224387,0.1569835212288262,-0.17180956047505058,0.2888496759329702,0.7768338606093361,-0.48798418467636595,0.5635938618867173,0.7533078042196242,-0.18971394233290684
AIZ,AIZ,Assurant,Stock,Financial quality,Financials,Blend,US,False,False,False,False,True,Known-universe stock candidate added from S&P 500,S&P 500,1,263.67999267578125,,,,US,USD,0.22266913205547773,-0.06450008380262084,0.0027022691704547963,-0.06720235297307564,-0.0351834535483051,0.02989085947713166,-0.06507431302543676,0.24743478852805345,0.1569835212288262,0.09045126729922726,0.8693171209681381,0.7768338606093361,0.09248326035880194,0.790980926743984,0.7533078042196242,0.03767312252435984
AJG,AJG,Arthur J. Gallagher & Co.,Stock,Financial quality,Financials,Blend,US,False,False,False,False,True,Known-universe stock candidate added from S&P 500,S&P 500,1,227.5500030517578,,,,US,USD,0.3144384847519739,-0.12966620521895034,0.0027022691704547963,-0.13236847438940513,-0.04803277439014664,0.02989085947713166,-0.0779236338672783,-0.24691006583160113,0.1569835212288262,-0.40389358706042733,0.004121129215665098,0.7768338606093361,-0.772712731393671,0.582760814755733,0.7533078042196242,-0.17054698946389113
AKAM,AKAM,Akamai Technologies,Stock,Large-cap diversifier,Information Technology,Blend,US,False,False,False,False,True,Known-universe stock candidate added from S&P 500,S&P 500,1,112.19999694824219,,,,US,USD,0.6057158727902419,0.03295888520655388,0.0027022691704547963,0.030256616036099082,-0.0054073275733804715,0.02989085947713166,-0.03529818705051213,0.47186136701169246,0.1569835212288262,0.31487784578286626,0.042653994162779485,0.7768338606093361,-0.7341798664465566,0.03257862292312108,0.7533078042196242,-0.7207291812965031
ALAB,ALAB,Astera Labs,Stock,Quality growth,Technology,Growth,US,False,False,False,True,True,Known-universe stock candidate added from Nasdaq-100,Nasdaq-100,1,355.8349914550781,,,,US,USD,0.9902402128043142,0.19817825540945067,0.0027022691704547963,0.19547598623899587,-0.17412847896577666,0.02989085947713166,-0.20401933844290832,0.7899144164622376,0.1569835212288262,0.6329308952334114,,,,,,
ALB,ALB,Albemarle Corporation,Stock,Large-cap diversifier,Materials,Blend,US,False,False,False,False,True,Known-universe stock candidate added from S&P 500,S&P 500,1,106.66999816894531,,,,US,USD,0.5790104335928433,-0.2070136508821654,0.0027022691704547963,-0.20971592005262019,-0.21348203994174297,0.02989085947713166,-0.24337289941887463,0.2418631095389976,0.1569835212288262,0.0848795883101714,-0.32995331917147874,0.7768338606093361,-1.1067871797808149,-0.4921459323872972,0.7533078042196242,-1.2454537366069214
ALGN,ALGN,Align Technology,Stock,Defensive large-cap,Health Care,Defensive,US,False,True,False,False,True,Known-universe stock candidate added from S&P 500,S&P 500,1,145.0399932861328,,,,US,USD,0.39495672301280493,-0.09230865898834772,0.0027022691704547963,-0.09501092815880252,-0.20083757288995263,0.02989085947713166,-0.2307284323670843,0.14774068318247102,0.1569835212288262,-0.009242838046355173,-0.513321258194265,0.7768338606093361,-1.2901551188036011,-0.7976026063675662,0.7533078042196242,-1.5509104105871905
ALL,ALL,Allstate,Stock,Financial quality,Financials,Blend,US,False,False,False,False,True,Known-universe stock candidate added from S&P 500,S&P 500,1,224.6750030517578,,,,US,USD,0.25263412107188205,-0.12849102525098877,0.0027022691704547963,-0.13119329442144356,-0.07202171792847767,0.02989085947713166,-0.10191257740560933,0.08397155111361743,0.1569835212288262,-0.07301197011520877,1.0725443248192175,0.7768338606093361,0.29571046420988134,0.9399419478574185,0.7533078042196242,0.1866341436377943
ALLE,ALLE,Allegion,Stock,Large-cap diversifier,Industrials,Blend,US,False,False,False,False,True,Known-universe stock candidate added from S&P 500,S&P 500,1,154.69500732421875,,,,US,USD,0.27247567570802245,-3.54097484911442e-05,0.0027022691704547963,-0.0027376789189459405,0.10944405407182956,0.02989085947713166,0.0795531945946979,-0.1060641157305805,0.1569835212288262,-0.2630476369594067,0.5444587332917794,0.7768338606093361,-0.23237512731755672,0.2146387926087181,0.7533078042196242,-0.5386690116109061
ALNY,ALNY,Alnylam Pharmaceuticals,Stock,Defensive large-cap,Health Care,Defensive,US,False,True,False,False,True,Known-universe stock candidate added from Nasdaq-100,Nasdaq-100,1,251.47500610351562,,,,US,USD,0.47331240137322256,0.04480868981973973,0.0027022691704547963,0.04210642064928494,-0.16639044349776932,0.02989085947713166,-0.19628130297490098,-0.4380321088929734,0.1569835212288262,-0.5950156301217996,0.47259471694040056,0.7768338606093361,-0.30423914366893556,0.38013828460265886,0.7533078042196242,-0.3731695196169653
AMCR,AMCR,Amcor,Stock,Large-cap diversifier,Materials,Blend,US,False,False,False,False,True,Known-universe stock candidate added from S&P 500,S&P 500,1,42.314998626708984,,,,US,USD,0.3126933549162469,-0.06465515860253901,0.0027022691704547963,-0.0673574277729938,-0.016430504724938344,0.02989085947713166,-0.04632136420207,0.1028901316861568,0.1569835212288262,-0.0540933895426694,0.08537950092372437,0.7768338606093361,-0.6914543596856118,-0.0740801922386034,0.7533078042196242,-0.8273879964582276
AME,AME,Ametek,Stock,Large-cap diversifier,Industrials,Blend,US,False,False,False,False,True,Known-universe stock candidate added from S&P 500,S&P 500,1,251.42999267578125,,,,US,USD,0.23648618157971021,0.0706995528754899,0.0027022691704547963,0.0679972837050351,0.06184958336603752,0.02989085947713166,0.03195872388890586,0.35371070839937824,0.1569835212288262,0.19672718717055204,0.6804571640231152,0.7768338606093361,-0.09637669658622094,1.0316336407488769,0.7533078042196242,0.2783258365292527
AMP,AMP,Ameriprise Financial,Stock,Financial quality,Financials,Blend,US,False,False,False,False,True,Known-universe stock candidate added from S&P 500,S&P 500,1,497.7950134277344,,,,US,USD,0.2603362359809969,-0.10000718372254547,0.0027022691704547963,-0.10270945289300026,0.04100700737753038,0.02989085947713166,0.01111614790039872,0.009636071058387596,0.1569835212288262,-0.1473474501704386,0.543738143425454,0.7768338606093361,-0.2330957171838821,1.0662963059376982,0.7533078042196242,0.312988501718074
AMT,AMT,American Tower,Stock,Large-cap diversifier,Real Estate,Blend,US,False,False,True,False,True,Known-universe stock candidate added from S&P 500,S&P 500,1,165.26499938964844,,,,US,USD,0.26212965731209226,-0.05939099453523433,0.0027022691704547963,-0.06209326370568913,-0.004907288249161423,0.02989085947713166,-0.03479814772629308,-0.11771199279754718,0.1569835212288262,-0.2746955140263734,0.10786111586750113,0.7768338606093361,-0.668972744741835,-0.34178458257119526,0.7533078042196242,-1.0950923867908195
ANET,ANET,Arista Networks,Stock,Large-cap diversifier,Information Technology,Blend,US,False,False,False,False,True,Known-universe stock candidate added from S&P 500,S&P 500,1,204.64999389648438,,,,US,USD,0.5407167757010014,0.04578665922272118,0.0027022691704547963,0.043084390052266386,0.2282439076567584,0.02989085947713166,0.19835304817962673,0.4274255483457885,0.1569835212288262,0.2704420271169623,3.5181587850641396,0.7768338606093361,2.7413249244548035,8.351153381593567,0.7533078042196242,7.597845577373944
AON,AON,Aon plc,Stock,Financial quality,Financials,Blend,US,False,False,False,False,True,Known-universe stock candidate added from S&P 500,S&P 500,1,274.875,,,,US,USD,0.2772776633829539,-0.14507648235733306,0.0027022691704547963,-0.14777875152778785,-0.1980976785342744,0.02989085947713166,-0.22798853801140606,-0.2210580844234603,0.1569835212288262,-0.3780416056522865,-0.1631461513482928,0.7768338606093361,-0.9399800119576289,-0.04731561771936532,0.7533078042196242,-0.8006234219389895
AOS,AOS,A. O. Smith,Stock,Large-cap diversifier,Industrials,Blend,US,False,False,False,False,True,Known-universe stock candidate added from S&P 500,S&P 500,1,57.86000061035156,,,,US,USD,0.2681154213128118,-0.02147810645734105,0.0027022691704547963,-0.024180375627795847,-0.06323830040057854,0.02989085947713166,-0.0931291598777102,-0.18694123039069854,0.1569835212288262,-0.34392475161952474,-0.049160316828455675,0.7768338606093361,-0.8259941774377918,-0.003010624674712248,0.7533078042196242,-0.7563184288943364
APA,APA,APA Corporation,Stock,Large-cap diversifier,Energy,Blend,US,False,False,False,False,True,Known-universe stock candidate added from S&P 500,S&P 500,1,42.25,,,,US,USD,0.4586624034620184,-0.020857508552789672,0.0027022691704547963,-0.02355977772324447,0.33502882093880193,0.02989085947713166,0.30513796146167027,0.796366227889844,0.1569835212288262,0.6393827066610178,0.1546327783743211,0.7768338606093361,-0.622201082235015,1.44315502661189,0.7533078042196242,0.6898472223922658
APD,APD,Air Products,Stock,Large-cap diversifier,Materials,Blend,US,False,False,False,False,True,Known-universe stock candidate added from S&P 500,S&P 500,1,281.1700134277344,,,,US,USD,0.26484852671936965,-0.09141723908904842,0.0027022691704547963,-0.09411950825950322,-0.08234327993255053,0.02989085947713166,-0.11223413940968219,0.06722549003709011,0.1569835212288262,-0.08975803119173609,0.04914423050206995,0.7768338606093361,-0.7276896301072662,0.23624489254819747,0.7533078042196242,-0.5170629116714267
APO,APO,Apollo Global Management,Stock,Financial quality,Financials,Blend,US,False,False,False,False,True,Known-universe stock candidate added from S&P 500,S&P 500,1,117.75,,,,US,USD,0.3677445945814631,-0.13786792779770807,0.0027022691704547963,-0.14057019696816286,-0.001626444777241498,0.02989085947713166,-0.03151730425437316,-0.1353761314565164,0.1569835212288262,-0.2923596526853426,0.33351996375222526,0.7768338606093361,-0.44331389685711087,1.1835091083955804,0.7533078042196242,0.43020130417595626
APTV,APTV,Aptiv,Stock,Large-cap diversifier,Consumer Discretionary,Blend,US,False,False,False,False,True,Known-universe stock candidate added from S&P 500,S&P 500,1,43.47999954223633,,,,US,USD,0.43459614104531336,-0.028596935373009003,0.0027022691704547963,-0.0312992045434638,-0.27869939577421654,0.02989085947713166,-0.3085902552513482,-0.4930628279819197,0.1569835212288262,-0.6500463492107459,-0.5611627095407625,0.7768338606093361,-1.3379965701500987,-0.7004890811417153,0.7533078042196242,-1.4537968853613394
ARE,ARE,Alexandria Real Estate Equities,Stock,Large-cap diversifier,Real Estate,Blend,US,False,False,True,False,True,Known-universe stock candidate added from S&P 500,S&P 500,1,47.584999084472656,,,,US,USD,0.4766388217056098,-0.07223633778359029,0.0027022691704547963,-0.07493860695404508,-0.10233917013456795,0.02989085947713166,-0.1322300296116996,-0.4019931258166545,0.1569835212288262,-0.5589766470454807,-0.4467412741077005,0.7768338606093361,-1.2235751347170365,-0.6976069535854243,0.7533078042196242,-1.4509147578050485
ARES,ARES,Ares Management,Stock,Financial quality,Financials,Blend,US,False,False,False,False,True,Known-universe stock candidate added from S&P 500,S&P 500,1,117.80500030517578,,,,US,USD,0.4394251246952205,-0.16847168446320082,0.0027022691704547963,-0.17117395363365562,0.047697894831763454,0.02989085947713166,0.017807035354631795,-0.24931005376344606,0.1569835212288262,-0.40629357499227226,0.22363437931346541,0.7768338606093361,-0.5531994812958707,0.8074193338823152,0.7533078042196242,0.05411152966269106
ARM,ARM,Arm Holdings,Stock,Quality growth,Technology,Growth,US,False,False,False,True,True,Known-universe stock candidate added from Nasdaq-100,Nasdaq-100,1,289.0,,,,US,USD,0.7964069083705164,0.19465915268086276,0.0027022691704547963,0.19195688351040796,-0.143627584808654,0.02989085947713166,-0.17351844428578567,1.0672388676057771,0.1569835212288262,0.9102553463769509,4.3085967540457055,0.7768338606093361,3.5317628934363694,,,
ASML,ASML,ASML Holding,Stock,Quality growth,Technology,Growth,US,False,False,False,True,True,Known-universe stock candidate added from Nasdaq-100,Nasdaq-100,1,1817.219970703125,,,,US,USD,0.4646860927163699,0.07146771554387832,0.0027022691704547963,0.06876544637342352,-0.01273433495484988,0.02989085947713166,-0.04262519443198154,0.9002393446446084,0.1569835212288262,0.7432558234157822,2.1784010770125692,0.7768338606093361,1.4015672164032331,1.2026048343282043,0.7533078042196242,0.44929703010858013
ATO,ATO,Atmos Energy,Stock,Defensive large-cap,Utilities,Defensive,US,False,True,True,False,True,Known-universe stock candidate added from S&P 500,S&P 500,1,157.66000366210938,,,,US,USD,0.15483109559679095,-0.050984174873634824,0.0027022691704547963,-0.05368644404408962,-0.08333450144742649,0.02989085947713166,-0.11322536092455815,-0.04857001050657139,0.1569835212288262,-0.2055535317353976,0.5347909412271843,0.7768338606093361,-0.24204291938215183,1.0103022971548588,0.7533078042196242,0.2569944929352346
AVY,AVY,Avery Dennison,Stock,Large-cap diversifier,Materials,Blend,US,False,False,False,False,True,Known-universe stock candidate added from S&P 500,S&P 500,1,169.55999755859375,,,,US,USD,0.25501563807588695,-0.020473191383734046,0.0027022691704547963,-0.023175460554188843,0.04552115903106979,0.02989085947713166,0.015630299553938132,0.08113385003698537,0.1569835212288262,-0.07584967119184083,-0.02863402178332186,0.7768338606093361,-0.805467882392658,-0.12968034505506676,0.7533078042196242,-0.8829881492746909
AWK,AWK,American Water Works,Stock,Defensive large-cap,Utilities,Defensive,US,False,True,True,False,True,Known-universe stock candidate added from S&P 500,S&P 500,1,130.52999877929688,,,,US,USD,0.22482356995392214,-0.05570424065858626,0.0027022691704547963,-0.05840650982904105,-0.002972638785983861,0.02989085947713166,-0.03286349826311552,-0.021519131840999184,0.1569835212288262,-0.17850265306982538,0.058223996647098986,0.7768338606093361,-0.7186098639622371,-0.18188344956867342,0.7533078042196242,-0.9351912537882976
AZO,AZO,AutoZone,Stock,Large-cap diversifier,Consumer Discretionary,Blend,US,False,False,False,False,True,Known-universe stock candidate added from S&P 500,S&P 500,1,2872.705078125,,,,US,USD,0.294695393615368,-0.03962734935891499,0.0027022691704547963,-0.042329618529369784,-0.10734267660035524,0.02989085947713166,-0.1372335360774869,-0.32783979204882907,0.1569835212288262,-0.48482331327765527,0.1133221035397316,0.7768338606093361,-0.6635117570696045,0.7061250186865247,0.7533078042196242,-0.047182785533099514
BAC,BAC,Bank of America,Stock,Financial quality,Financials,Blend,US,False,False,False,False,True,Known-universe stock candidate added from S&P 500,S&P 500,1,54.812400817871094,,,,US,USD,0.22238799258504016,-0.11055764561514192,0.0027022691704547963,-0.11325991478559672,-0.055996278841198066,0.02989085947713166,-0.08588713831832973,0.0679278683490121,0.1569835212288262,-0.0890556528798141,1.1339715313373384,0.7768338606093361,0.3571376707280023,0.5433537230680261,0.7533078042196242,-0.20995408115159808
BALL,BALL,Ball Corporation,Stock,Large-cap diversifier,Materials,Blend,US,False,False,False,False,True,Known-universe stock candidate added from S&P 500,S&P 500,1,56.39500045776367,,,,US,USD,0.2588364616625486,-0.10156130923658657,0.0027022691704547963,-0.10426357840704137,-0.08381071889099512,0.02989085947713166,-0.11370157836812678,0.15288289134167155,0.1569835212288262,-0.00410062988715465,0.192408343496844,0.7768338606093361,-0.5844255171124921,-0.3514659037299851,0.7533078042196242,-1.1047737079496094
BAX,BAX,Baxter International,Stock,Defensive large-cap,Health Care,Defensive,US,False,True,False,False,True,Known-universe stock candidate added from S&P 500,S&P 500,1,23.454999923706055,,,,US,USD,0.4299775291114604,-0.09788461831899786,0.0027022691704547963,-0.10058688748945266,0.08179101646793785,0.02989085947713166,0.05190015699080619,0.050053996275123636,0.1569835212288262,-0.10692952495370256,-0.3386506384724418,0.7768338606093361,-1.115484499081778,-0.6807908165834611,0.7533078042196242,-1.4340986208030853
BBY,BBY,Best Buy,Stock,Large-cap diversifier,Consumer Discretionary,Blend,US,False,False,False,False,True,Known-universe stock candidate added from S&P 500,S&P 500,1,89.51000213623047,,,,US,USD,0.3866112270537295,0.12849934683700504,0.0027022691704547963,0.12579707766655024,0.1711669398697908,0.02989085947713166,0.14127608039265915,0.246062858320252,0.1569835212288262,0.08907933709142579,0.48422494956755746,0.7768338606093361,-0.29260891104177866,0.05859988140185468,0.7533078042196242,-0.6947079228177695
BDX,BDX,Becton Dickinson,Stock,Defensive large-cap,Health Care,Defensive,US,False,True,False,False,True,Known-universe stock candidate added from S&P 500,S&P 500,1,179.85000610351562,,,,US,USD,0.2591968582754464,-0.03827214467192497,0.0027022691704547963,-0.040974413842379764,0.18319569294743432,0.02989085947713166,0.15330483347030266,0.2744021690240257,0.1569835212288262,0.1174186477951995,-0.08798162878767357,0.7768338606093361,-0.8648154893970097,-0.0011373660378822814,0.7533078042196242,-0.7544451702575065
BE,BE,Bloom Energy,Stock,Large-cap diversifier,Industrials,Blend,US,False,False,False,False,True,Known-universe stock candidate added from S&P 500,S&P 500,1,286.7850036621094,,,,US,USD,1.143014990879981,0.390135721860164,0.0027022691704547963,0.3874334526897092,-0.009378225692195596,0.02989085947713166,-0.039269085169327256,2.8965354566270465,0.1569835212288262,2.7395519353982203,19.887473650665406,0.7768338606093361,19.11063979005607,13.874740324088991,0.7533078042196242,13.121432519869368
BEN,BEN,Franklin Resources,Stock,Financial quality,Financials,Blend,US,False,False,False,False,True,Known-universe stock candidate added from S&P 500,S&P 500,1,32.244998931884766,,,,US,USD,0.2814031135982931,-0.05578338239752423,0.0027022691704547963,-0.058485651567979025,-0.0532883842696944,0.02989085947713166,-0.08317924374682606,0.4532764871448769,0.1569835212288262,0.2962929659160507,0.5198066015532432,0.7768338606093361,-0.2570272590560929,0.35176863622112675,0.7533078042196242,-0.4015391679984974
BF.B,BF-B,Brown–Forman,Stock,Large-cap diversifier,Consumer Staples,Blend,US,False,False,False,False,True,Known-universe stock candidate added from S&P 500,S&P 500,1,26.190000534057617,,,,US,USD,0.38469444456810914,-0.005914946312497671,0.0027022691704547963,-0.008617215482952467,0.02256446460613759,0.02989085947713166,-0.0073263948709940685,0.0010995170465606385,0.1569835212288262,-0.15588400418226556,-0.5263453299193382,0.7768338606093361,-1.3031791905286743,-0.5713855707321501,0.7533078042196242,-1.3246933749517744
BG,BG,Bunge Global,Stock,Large-cap diversifier,Consumer Staples,Blend,US,False,False,False,False,True,Known-universe stock candidate added from S&P 500,S&P 500,1,108.58999633789062,,,,US,USD,0.316258846147384,-0.06557097329501804,0.0027022691704547963,-0.06827324246547284,0.041802740579910846,0.02989085947713166,0.011911881102779187,0.35115147457893237,0.1569835212288262,0.19416795335010617,0.07039180946282952,0.7768338606093361,-0.7064420511465066,0.606796699594855,0.7533078042196242,-0.14651110462476913
BIIB,BIIB,Biogen,Stock,Defensive large-cap,Health Care,Defensive,US,False,True,False,False,True,Known-universe stock candidate added from S&P 500,S&P 500,1,226.19000244140625,,,,US,USD,0.35023590856015613,0.04403419715525181,0.0027022691704547963,0.04133192798479701,0.07843042108043785,0.02989085947713166,0.04853956160330619,0.6329049629287005,0.1569835212288262,0.47592144169987427,-0.11304996215219643,0.7768338606093361,-0.8898838227615326,-0.21820131095208894,0.7533078042196242,-0.9715091151717131
BLK,BLK,BlackRock,Stock,Financial quality,Financials,Blend,US,False,False,False,False,True,Known-universe stock candidate added from S&P 500,S&P 500,1,1067.4949951171875,,,,US,USD,0.2740306103926765,-0.07150921125542997,0.0027022691704547963,-0.07421148042588477,0.09444620039989893,0.02989085947713166,0.06455534092276727,-0.07252045140513663,0.1569835212288262,-0.22950397263396283,0.7356465710540494,0.7768338606093361,-0.04118728955528672,0.41607584018646704,0.7533078042196242,-0.33723196403315714
BMY,BMY,Bristol Myers Squibb,Stock,Defensive large-cap,Health Care,Defensive,US,False,True,False,False,True,Known-universe stock candidate added from S&P 500,S&P 500,1,63.904998779296875,,,,US,USD,0.27613442687475587,-0.04348149806096202,0.0027022691704547963,-0.04618376723141682,0.14504564068833514,0.02989085947713166,0.11515478121120348,0.5169272508750105,0.1569835212288262,0.35994372964618426,0.24398491919149623,0.7768338606093361,-0.5328489414178399,0.30388490845928606,0.7533078042196242,-0.4494228957603381
BNY,BNY,BNY Mellon,Stock,Financial quality,Financials,Blend,US,False,False,False,False,True,Known-universe stock candidate added from S&P 500,S&P 500,1,146.94700622558594,,,,US,USD,0.21651296645765644,-0.08887024220111062,0.0027022691704547963,-0.09157251137156541,0.01035394894199082,0.02989085947713166,-0.01953691053514084,0.36340371878344246,0.1569835212288262,0.20642019755461627,2.6887477958738337,0.7768338606093361,1.9119139352644976,2.3736230302573835,0.7533078042196242,1.6203152260377593
BR,BR,Broadridge Financial Solutions,Stock,Large-cap diversifier,Industrials,Blend,US,False,False,False,False,True,Known-universe stock candidate added from S&P 500,S&P 500,1,160.72000122070312,,,,US,USD,0.29006225884751885,-0.1133353183006155,0.0027022691704547963,-0.11603758747107029,0.14744848547570943,0.02989085947713166,0.11755762599857777,-0.30819706284700343,0.1569835212288262,-0.46518058407582963,-0.08333169429333853,0.7768338606093361,-0.8601655549026747,0.0720770686190857,0.7533078042196242,-0.6812307356005385
BRK.B,BRK-B,Berkshire Hathaway Inc. Class B,Stock,Quality compounder,Financial Services,Quality,US,False,False,False,False,True,Large diversified quality compounder,Curated stock list,1,500.1050109863281,,,,US,USD,0.1461695814931698,-0.007787210686813539,0.0027022691704547963,-0.010489479857268336,0.0007304213372676394,0.02989085947713166,-0.02916043813986402,0.001712590858944596,0.1569835212288262,-0.1552709303698816,0.3826132061614276,0.7768338606093361,-0.39422065444790855,0.8247345481868615,0.7533078042196242,0.07142674396723736
BRO,BRO,Brown & Brown,Stock,Financial quality,Financials,Blend,US,False,False,False,False,True,Known-universe stock candidate added from S&P 500,S&P 500,1,60.72999954223633,,,,US,USD,0.311663594932828,-0.15851460325561717,0.0027022691704547963,-0.16121687242607197,-0.09633923278316758,0.02989085947713166,-0.12623009226029924,-0.34081460217759674,0.1569835212288262,-0.49779812340642293,-0.139118745553647,0.7768338606093361,-0.9159526061629831,0.09643153658426562,0.7533078042196242,-0.6568762676353586
BSX,BSX,Boston Scientific,Stock,Defensive large-cap,Health Care,Defensive,US,False,True,False,False,True,Known-universe stock candidate added from S&P 500,S&P 500,1,43.45500183105469,,,,US,USD,0.3833520772070659,-0.10031050688481791,0.0027022691704547963,-0.1030127760552727,0.009173256970880672,0.02989085947713166,-0.020717602506250987,-0.5521949565016805,0.1569835212288262,-0.7091784777305067,-0.19228619986447193,0.7768338606093361,-0.969120060473808,-0.019295859077804067,0.7533078042196242,-0.7726036632974282
BX,BX,Blackstone Inc.,Stock,Financial quality,Financials,Blend,US,False,False,False,False,True,Known-universe stock candidate added from S&P 500,S&P 500,1,113.24500274658203,,,,US,USD,0.36797610994226737,-0.20940380896601896,0.0027022691704547963,-0.21210607813647375,-0.04307656264787485,0.02989085947713166,-0.07296742212500651,-0.3309936004885021,0.1569835212288262,-0.4879771217173283,0.1293931213557178,0.7768338606093361,-0.6474407392536183,0.07190805966303526,0.7533078042196242,-0.6813997445565889
BXP,BXP,"BXP, Inc.",Stock,Large-cap diversifier,Real Estate,Blend,US,False,False,True,False,True,Known-universe stock candidate added from S&P 500,S&P 500,1,61.22999954223633,,,,US,USD,0.27322507380512817,-0.0994263646702579,0.0027022691704547963,-0.10212863384071269,-0.09636957479525554,0.02989085947713166,-0.1262604342723872,-0.15142118690922657,0.1569835212288262,-0.30840470813805276,0.20591960865012338,0.7768338606093361,-0.5709142519592127,-0.28582756041893886,0.7533078042196242,-1.039135364638563
C,C,Citigroup,Stock,Financial quality,Financials,Blend,US,False,False,False,False,True,Known-universe stock candidate added from S&P 500,S&P 500,1,130.61000061035156,,,,US,USD,0.29468356155030107,-0.007673564384626297,0.0027022691704547963,-0.010375833555081093,-0.0631981355144764,0.02989085947713166,-0.09308899499160805,0.29287543469203214,0.1569835212288262,0.13589191346320595,2.490219552169762,0.7768338606093361,1.713385691560426,1.2702287877606424,0.7533078042196242,0.5169209835410182
CAH,CAH,Cardinal Health,Stock,Defensive large-cap,Health Care,Defensive,US,False,True,False,False,True,Known-universe stock candidate added from S&P 500,S&P 500,1,223.7899932861328,,,,US,USD,0.2928915481998312,-0.046159756442094135,0.0027022691704547963,-0.04886202561254893,-0.058598384078071164,0.02989085947713166,-0.08848924355520282,0.46288029892975335,0.1569835212288262,0.30589677770092716,1.6276260380464058,0.7768338606093361,0.8507921774370697,3.89203161576492,0.7533078042196242,3.138723811545296
CARR,CARR,Carrier Global,Stock,Large-cap diversifier,Industrials,Blend,US,False,False,False,False,True,Known-universe stock candidate added from S&P 500,S&P 500,1,55.029998779296875,,,,US,USD,0.35642793334780215,-0.05479220842530452,0.0027022691704547963,-0.05749447759575932,-0.23369098851517944,0.02989085947713166,-0.2635818479923111,-0.05502495351859782,0.1569835212288262,-0.21200847474742401,0.06980964726751715,0.7768338606093361,-0.707024213341819,0.12320241904019347,0.7533078042196242,-0.6301053851794307
CASY,CASY,Casey's,Stock,Large-cap diversifier,Consumer Staples,Blend,US,False,False,False,False,True,Known-universe stock candidate added from S&P 500,S&P 500,1,601.5999755859375,,,,US,USD,0.37412309341716793,-0.20022339770446929,0.0027022691704547963,-0.20292566687492408,-0.23235189115029142,0.02989085947713166,-0.2622427506274231,0.0762195731137878,0.1569835212288262,-0.0807639481150384,1.1899620402082736,0.7768338606093361,0.41312817959893744,2.288677316555095,0.7533078042196242,1.5353695123354707
CBOE,CBOE,Cboe Global Markets,Stock,Financial quality,Financials,Blend,US,False,False,False,False,True,Known-universe stock candidate added from S&P 500,S&P 500,1,274.6700134277344,,,,US,USD,0.3449010996023569,-0.08504329693927615,0.0027022691704547963,-0.08774556610973094,0.1118723403072528,0.02989085947713166,0.08198148083012113,0.12366738778041797,0.1569835212288262,-0.033316133448408225,0.8182462254073832,0.7768338606093361,0.04141236479804711,1.3517688624166588,0.7533078042196242,0.5984610581970347
CBRE,CBRE,CBRE Group,Stock,Large-cap diversifier,Real Estate,Blend,US,False,False,True,False,True,Known-universe stock candidate added from S&P 500,S&P 500,1,130.33999633789062,,,,US,USD,0.32788265456001914,-0.10609698566441927,0.0027022691704547963,-0.10879925483487407,-0.057556084875053926,0.02989085947713166,-0.08744694435218558,-0.1800453520833919,0.1569835212288262,-0.3370288733122181,0.7383300947243523,0.7768338606093361,-0.03850376588498383,0.35983305595024717,0.7533078042196242,-0.393474748269377
CCEP,CCEP,Coca-Cola Europacific Partners,Stock,Large-cap diversifier,Consumer Staples,Blend,US,False,False,False,False,True,Known-universe stock candidate added from Nasdaq-100,Nasdaq-100,1,102.48999786376953,,,,US,USD,0.227878247200139,-0.05119421358222964,0.0027022691704547963,-0.05389648275268444,-0.034024511425719606,0.02989085947713166,-0.06391537090285127,0.17453561119298233,0.1569835212288262,0.017552089964156137,0.762141097671778,0.7768338606093361,-0.014692762937558168,1.0881246728456975,0.7533078042196242,0.3348168686260733
CCI,CCI,Crown Castle,Stock,Large-cap diversifier,Real Estate,Blend,US,False,False,True,False,True,Known-universe stock candidate added from S&P 500,S&P 500,1,66.6050033569336,,,,US,USD,0.29940477511312086,-0.11251035906828166,0.0027022691704547963,-0.11521262823873646,-0.11703300143205686,0.02989085947713166,-0.14692386090918852,-0.27191103388613,0.1569835212288262,-0.4288945551149562,-0.151986699965322,0.7768338606093361,-0.9288205605746581,-0.5447849713383066,0.7533078042196242,-1.2980927755579308
CCL,CCL,Carnival Corporation,Stock,Large-cap diversifier,Consumer Discretionary,Blend,US,False,False,False,False,True,Known-universe stock candidate added from S&P 500,S&P 500,1,25.21500015258789,,,,US,USD,0.4937500044655886,0.05546256997869903,0.0027022691704547963,0.05276030080824423,-0.11125308138845402,0.02989085947713166,-0.14114394086558568,-0.12856474821898545,0.1569835212288262,-0.28554826944781164,0.8431796235150952,0.7768338606093361,0.06634576290575911,0.08514168775331576,0.7533078042196242,-0.6681661164663084
CDW,CDW,CDW Corporation,Stock,Large-cap diversifier,Information Technology,Blend,US,False,False,False,False,True,Known-universe stock candidate added from S&P 500,S&P 500,1,128.72999572753906,,,,US,USD,0.4596307417557144,-0.15074551937915515,0.0027022691704547963,-0.15344778854960994,-0.06549422489330625,0.02989085947713166,-0.09538508437043791,-0.19043907226722,0.1569835212288262,-0.3474225934960462,-0.34322806157103847,0.7768338606093361,-1.1200619221803745,-0.27295582709196775,0.7533078042196242,-1.026263631311592
CF,CF,CF Industries,Stock,Large-cap diversifier,Materials,Blend,US,False,False,False,False,True,Known-universe stock candidate added from S&P 500,S&P 500,1,117.33000183105469,,,,US,USD,0.43188144278053847,-0.09766974596222378,0.0027022691704547963,-0.10037201513267857,0.09037102602523883,0.02989085947713166,0.06048016654810717,0.3231493696475276,0.1569835212288262,0.1661658484187014,0.46237628046185786,0.7768338606093361,-0.31445758014747827,1.5842593481813307,0.7533078042196242,0.8309515439617066
CFG,CFG,Citizens Financial Group,Stock,Financial quality,Financials,Blend,US,False,False,False,False,True,Known-universe stock candidate added from S&P 500,S&P 500,1,64.02999877929688,,,,US,USD,0.26916160618376633,-0.07027738891044788,0.0027022691704547963,-0.07297965808090268,-0.10267728601294124,0.02989085947713166,-0.1325681454900729,0.22937951823201064,0.1569835212288262,0.07239599700318444,1.712535474090279,0.7768338606093361,0.9357016134809428,0.8420918337390817,0.7533078042196242,0.08878402951945752
CHD,CHD,Church & Dwight,Stock,Large-cap diversifier,Consumer Staples,Blend,US,False,False,False,False,True,Known-universe stock candidate added from S&P 500,S&P 500,1,95.09500122070312,,,,US,USD,0.22640847159652763,-0.0469532733604906,0.0027022691704547963,-0.049655542530945396,-0.018774164009504712,0.02989085947713166,-0.04866502348663637,0.11786670397584942,0.1569835212288262,-0.03911681725297678,0.050530832661034086,0.7768338606093361,-0.726303027948302,0.21314983120054043,0.7533078042196242,-0.5401579730190837
CHRW,CHRW,C.H. Robinson,Stock,Large-cap diversifier,Industrials,Blend,US,False,False,False,False,True,Known-universe stock candidate added from S&P 500,S&P 500,1,148.61000061035156,,,,US,USD,0.44434605115018677,-0.002732952453897375,0.0027022691704547963,-0.005435221624352171,-0.21968425242500023,0.02989085947713166,-0.24957511190213189,0.14412545396769083,0.1569835212288262,-0.012858067261135364,0.8575426333117973,0.7768338606093361,0.08070877270246113,0.9017472426846582,0.7533078042196242,0.14843943846503405
CHTR,CHTR,Charter Communications,Stock,Quality growth,Communication Services,Growth,US,False,False,False,True,True,Known-universe stock candidate added from S&P 500,S&P 500,1,111.80999755859375,,,,US,USD,0.5219177334563663,-0.2665311219634069,0.0027022691704547963,-0.2692333911338617,-0.20044336036429056,0.02989085947713166,-0.23033421984142222,-0.5950673636976536,0.1569835212288262,-0.7520508849264798,-0.7458979129352241,0.7768338606093361,-1.5227317735445602,-0.8512274640746926,0.7533078042196242,-1.6045352682943168
CI,CI,Cigna,Stock,Defensive large-cap,Health Care,Defensive,US,False,True,False,False,True,Known-universe stock candidate added from S&P 500,S&P 500,1,266.6300048828125,,,,US,USD,0.32990564226476027,-0.02886678976452972,0.0027022691704547963,-0.03156905893498452,-0.03233683667707843,0.02989085947713166,-0.06222769615421009,-0.04872665349949812,0.1569835212288262,-0.2057101747283243,-0.03990971542667321,0.7768338606093361,-0.8167435760360093,0.4486335450893808,0.7533078042196242,-0.3046742591302434
CIEN,CIEN,Ciena,Stock,Large-cap diversifier,Information Technology,Blend,US,False,False,False,False,True,Known-universe stock candidate added from S&P 500,S&P 500,1,345.8399963378906,,,,US,USD,0.725670355705262,-0.09655170489469123,0.0027022691704547963,-0.09925397406514602,-0.2521408301356661,0.02989085947713166,-0.2820316896127978,1.3996670001041815,0.1569835212288262,1.2426834788753554,6.339558662508171,0.7768338606093361,5.562724801898835,5.79449874204928,0.7533078042196242,5.041190937829656
CINF,CINF,Cincinnati Financial,Stock,Financial quality,Financials,Blend,US,False,False,False,False,True,Known-universe stock candidate added from S&P 500,S&P 500,1,161.1199951171875,,,,US,USD,0.2068983219813323,-0.046271265281422,0.0027022691704547963,-0.0489735344518768,-0.13445599059432933,0.02989085947713166,-0.164346850071461,0.053558977854743395,0.1569835212288262,-0.1034245433740828,0.6248089908941139,0.7768338606093361,-0.15202486971522222,0.5938484630667178,0.7533078042196242,-0.1594593411529064
CLX,CLX,Clorox,Stock,Large-cap diversifier,Consumer Staples,Blend,US,False,False,False,False,True,Known-universe stock candidate added from S&P 500,S&P 500,1,81.18000030517578,,,,US,USD,0.3129956851474355,-0.16891891839117568,0.0027022691704547963,-0.17162118756163047,-0.14822270236847868,0.02989085947713166,-0.17811356184561034,-0.309183307444973,0.1569835212288262,-0.4661668286737992,-0.3104573966853378,0.7768338606093361,-1.087291257294674,-0.4033504459496907,0.7533078042196242,-1.1566582501693148
CME,CME,CME Group,Stock,Financial quality,Financials,Blend,US,False,False,False,False,True,Known-universe stock candidate added from S&P 500,S&P 500,1,263.385009765625,,,,US,USD,0.23967655902496032,-0.07312980693229232,0.0027022691704547963,-0.07583207610274711,0.14554733280236554,0.02989085947713166,0.11565647332523388,0.0050239552873452276,0.1569835212288262,-0.15195956594148097,0.49013158604674256,0.7768338606093361,-0.28670227456259356,0.7162986525904167,0.7533078042196242,-0.03700915162920748
CMG,CMG,Chipotle Mexican Grill,Stock,Large-cap diversifier,Consumer Discretionary,Blend,US,False,False,False,False,True,Known-universe stock candidate added from S&P 500,S&P 500,1,31.864099502563477,,,,US,USD,0.4232887233434999,-0.16213251313828725,0.0027022691704547963,-0.16483478230874204,-0.08959715706961491,0.02989085947713166,-0.11948801654674657,-0.2014010455138301,0.1569835212288262,-0.3583845667426563,-0.14329544461551902,0.7768338606093361,-0.9201293052248551,-0.17665531513822863,0.7533078042196242,-0.9299631193578528
CMI,CMI,Cummins,Stock,Large-cap diversifier,Industrials,Blend,US,False,False,False,False,True,Known-universe stock candidate added from S&P 500,S&P 500,1,517.135009765625,,,,US,USD,0.3664683266709939,-0.08374382105583034,0.0027022691704547963,-0.08644609022628513,-0.2392720419003106,0.02989085947713166,-0.26916290137744225,0.2509752088763053,0.1569835212288262,0.09399168764747912,1.373643151876291,0.7768338606093361,0.5968092912669549,1.6167725815710767,0.7533078042196242,0.8634647773514526
CMS,CMS,CMS Energy,Stock,Defensive large-cap,Utilities,Defensive,US,False,True,True,False,True,Known-universe stock candidate added from S&P 500,S&P 500,1,63.27000045776367,,,,US,USD,0.17061744931399994,-0.07037903721207606,0.0027022691704547963,-0.07308130638253085,-0.15989717486675037,0.02989085947713166,-0.18978803434388203,-0.10338531575651477,0.1569835212288262,-0.26036883698534097,0.24392803392430573,0.7768338606093361,-0.5329058266850304,0.201717298863604,0.7533078042196242,-0.5515905053560202
CNC,CNC,Centene Corporation,Stock,Defensive large-cap,Health Care,Defensive,US,False,True,False,False,True,Known-universe stock candidate added from S&P 500,S&P 500,1,61.58000183105469,,,,US,USD,0.4771919736709832,-0.042897026172358355,0.0027022691704547963,-0.04559929534281315,-0.09904896553333042,0.02989085947713166,-0.12893982501046208,0.7489350591381017,0.1569835212288262,0.5919515379092755,-0.127391213017518,0.7768338606093361,-0.9042250736268541,-0.021607830081476598,0.7533078042196242,-0.7749156343011008
CNP,CNP,CenterPoint Energy,Stock,Defensive large-cap,Utilities,Defensive,US,False,True,True,False,True,Known-universe stock candidate added from S&P 500,S&P 500,1,37.040000915527344,,,,US,USD,0.17167561013436997,-0.06464640548576606,0.0027022691704547963,-0.06734867465622085,-0.14792229464095163,0.02989085947713166,-0.1778131541180833,-0.031883353967275485,0.1569835212288262,-0.18886687519610168,0.41342198710995604,0.7768338606093361,-0.3634118734993801,0.7110191834299684,0.7533078042196242,-0.042288620789655784
COF,COF,Capital One,Stock,Financial quality,Financials,Blend,US,False,False,False,False,True,Known-universe stock candidate added from S&P 500,S&P 500,1,194.72000122070312,,,,US,USD,0.3224695555741852,-0.09225674230998193,0.0027022691704547963,-0.09495901148043673,-0.04595439138106294,0.02989085947713166,-0.0758452508581946,-0.11562380367207015,0.1569835212288262,-0.27260732490089634,1.0838999845844732,0.7768338606093361,0.3070661239751371,0.3321726955525379,0.7533078042196242,-0.42113510866708626
COHR,COHR,Coherent Corp.,Stock,Large-cap diversifier,Information Technology,Blend,US,False,False,False,False,True,Known-universe stock candidate added from S&P 500,S&P 500,1,284.6000061035156,,,,US,USD,0.8599113584176017,0.024367490402225078,0.0027022691704547963,0.021665221231770282,-0.2279940029419062,0.02989085947713166,-0.25788486241903785,1.6359174111868389,0.1569835212288262,1.4789338899580127,7.844002591812934,0.7768338606093361,7.067168731203598,3.6655738705494363,0.7533078042196242,2.912266066329812
COIN,COIN,Coinbase,Stock,Financial quality,Financials,Blend,US,False,False,False,False,True,Known-universe stock candidate added from S&P 500,S&P 500,1,185.3300018310547,,,,US,USD,0.7242399987506299,-0.0148309236580344,0.0027022691704547963,-0.017533192828489197,0.16384071488248364,0.02989085947713166,0.13394985540535198,-0.445103125093657,0.1569835212288262,-0.6020866463224832,1.5829965411993685,0.7768338606093361,0.8061626805900324,-0.23369858526391551,0.7533078042196242,-0.9870063894835397
COO,COO,Cooper Companies (The),Stock,Defensive large-cap,Health Care,Defensive,US,False,True,False,False,True,Known-universe stock candidate added from S&P 500,S&P 500,1,56.41999816894531,,,,US,USD,0.32013333243525083,-0.19503493912376357,0.0027022691704547963,-0.19773720829421837,-0.2158443285337247,0.02989085947713166,-0.24573518801085636,-0.16624797257882562,0.1569835212288262,-0.3232314938076518,-0.31890753427275464,0.7768338606093361,-1.0957413948820909,-0.479537316267977,0.7533078042196242,-1.2328451204876012
COR,COR,Cencora,Stock,Defensive large-cap,Health Care,Defensive,US,False,True,False,False,True,Known-universe stock candidate added from S&P 500,S&P 500,1,301.07501220703125,,,,US,USD,0.3095968916676373,-0.06960751999886827,0.0027022691704547963,-0.07230978916932307,0.04590128654127601,0.02989085947713166,0.01601042706414435,-0.01525848248833428,0.1569835212288262,-0.17224200371716047,0.6489646404352789,0.7768338606093361,-0.12786922017405722,1.6483302350864713,0.7533078042196242,0.8950224308668471
COST,COST,Costco Wholesale Corporation,Stock,Resilient quality,Consumer Defensive,Quality,US,False,True,False,False,True,Resilient consumer franchise with strong membership model,Curated stock list,1,919.780029296875,,,,US,USD,0.19860156791856542,-0.02554321475743393,0.0027022691704547963,-0.028245483927888726,-0.0037067928691639773,0.02989085947713166,-0.03359765234629564,0.009026934300020217,0.1569835212288262,-0.14795658692880598,0.7132908180986064,0.7768338606093361,-0.06354304251072973,1.1457064231757221,0.7533078042196242,0.39239861895609796
CPAY,CPAY,Corpay,Stock,Financial quality,Financials,Blend,US,False,False,False,False,True,Known-universe stock candidate added from S&P 500,S&P 500,1,387.5799865722656,,,,US,USD,0.36852358707715294,-0.041355433404724695,0.0027022691704547963,-0.04405770257517949,0.13679821609925313,0.02989085947713166,0.10690735662212147,0.3101443537319948,0.1569835212288262,0.1531608325031686,0.4287610213776054,0.7768338606093361,-0.3480728392317307,0.5087390107501131,0.7533078042196242,-0.2445687934695111
CPT,CPT,Camden Property Trust,Stock,Large-cap diversifier,Real Estate,Blend,US,False,False,True,False,True,Known-universe stock candidate added from S&P 500,S&P 500,1,97.32499694824219,,,,US,USD,0.19571066914504345,-0.08010402513286896,0.0027022691704547963,-0.08280629430332376,-0.15852504005992696,0.02989085947713166,-0.18841589953705862,-0.04936914406139914,0.1569835212288262,-0.20635266529022533,0.11861004749403681,0.7768338606093361,-0.6582238131152993,-0.23179859444104334,0.7533078042196242,-0.9851063986606675
CRH,CRH,CRH plc,Stock,Large-cap diversifier,Materials,Blend,US,False,False,False,False,True,Known-universe stock candidate added from S&P 500,S&P 500,1,83.55999755859375,,,,US,USD,0.3220750522821708,-0.11379789217041592,0.0027022691704547963,-0.11650016134087071,-0.20244425839656743,0.02989085947713166,-0.2323351178736991,-0.26261800938473534,0.1569835212288262,-0.41960153061356154,0.5677669478205754,0.7768338606093361,-0.20906691278876077,0.9039454925655324,0.7533078042196242,0.15063768834590818
CRL,CRL,Charles River Laboratories,Stock,Defensive large-cap,Health Care,Defensive,US,False,True,False,False,True,Known-universe stock candidate added from S&P 500,S&P 500,1,295.6300048828125,,,,US,USD,0.45762086985990796,0.025638408613698926,0.0027022691704547963,0.02293613944324413,0.2904535754882127,0.02989085947713166,0.26056271601108105,1.0112252114757632,0.1569835212288262,0.854241690246937,0.49633038377973104,0.7768338606093361,-0.2805034768296051,-0.33765737485239133,0.7533078042196242,-1.0909651790720156
CRWV,CRWV,CoreWeave,Stock,Quality growth,Technology,Growth,US,False,False,False,True,True,Known-universe stock candidate added from Nasdaq-100,Nasdaq-100,1,87.0,,,,US,USD,0.9494664480300883,0.024855702974699856,0.0027022691704547963,0.02215343380424506,0.01534693912440166,0.02989085947713166,-0.01454392035273,-0.289911831670594,0.1569835212288262,-0.4468953528994202,,,,,,
CSGP,CSGP,CoStar Group,Stock,Large-cap diversifier,Real Estate,Blend,US,False,False,True,False,True,Known-universe stock candidate added from S&P 500,S&P 500,1,27.190000534057617,,,,US,USD,0.44451944805249205,-0.15216710967272584,0.0027022691704547963,-0.15486937884318064,-0.07391008280595401,0.02989085947713166,-0.10380094228308567,-0.6771934055512606,0.1569835212288262,-0.8341769267800868,-0.6519457299270608,0.7768338606093361,-1.428779590536397,-0.6923164004868239,0.7533078042196242,-1.445624204706448
CTSH,CTSH,Cognizant,Stock,Large-cap diversifier,Information Technology,Blend,US,False,False,False,False,True,Known-universe stock candidate added from S&P 500,S&P 500,1,56.869998931884766,,,,US,USD,0.4107724635786329,-0.11938684856869108,0.0027022691704547963,-0.12208911773914588,0.3928282671060497,0.02989085947713166,0.362937407628918,-0.1330761388424585,0.1569835212288262,-0.2900596600712847,-0.13903390599287968,0.7768338606093361,-0.9158677666022158,-0.17819439161664108,0.7533078042196242,-0.9315021958362653
CTVA,CTVA,Corteva,Stock,Large-cap diversifier,Materials,Blend,US,False,False,False,False,True,Known-universe stock candidate added from S&P 500,S&P 500,1,78.24500274658203,,,,US,USD,0.2696489460876792,-0.07347536324321102,0.0027022691704547963,-0.07617763241366582,-0.06138645377196983,0.02989085947713166,-0.09127731324910149,0.1654150093874296,0.1569835212288262,0.008431488158603395,0.5756650719857215,0.7768338606093361,-0.20116878862361465,0.9675884193541302,0.7533078042196242,0.21428061513450603
CVNA,CVNA,Carvana,Stock,Large-cap diversifier,Consumer Discretionary,Blend,US,False,False,False,False,True,Known-universe stock candidate added from S&P 500,S&P 500,1,63.185001373291016,,,,US,USD,0.6246547073390292,-0.13987200979088332,0.0027022691704547963,-0.14257427896133812,-0.06902904351992167,0.02989085947713166,-0.09891990299705333,-0.1954234803726601,0.1569835212288262,-0.3524070016014863,6.84906830760249,0.7768338606093361,6.0722344469931535,-0.015993842969584948,0.7533078042196242,-0.7693016471892091
CVS,CVS,CVS Health,Stock,Defensive large-cap,Health Care,Defensive,US,False,True,False,False,True,Known-universe stock candidate added from S&P 500,S&P 500,1,86.01000213623047,,,,US,USD,0.3121500962007989,-0.0841231095496846,0.0027022691704547963,-0.0868253787201394,-0.1742916825665617,0.02989085947713166,-0.20418254204369335,0.1742749126468235,0.1569835212288262,0.017291391417997293,0.32898778159125786,0.7768338606093361,-0.44784607901807827,0.2106623959779408,0.7533078042196242,-0.5426454082416834
DAL,DAL,Delta Air Lines,Stock,Large-cap diversifier,Industrials,Blend,US,False,False,False,False,True,Known-universe stock candidate added from S&P 500,S&P 500,1,83.44000244140625,,,,US,USD,0.3928181672357418,0.06974362104366993,0.0027022691704547963,0.06704135187321514,-0.10116024493740172,0.02989085947713166,-0.13105110441453338,0.46293506563689424,0.1569835212288262,0.30595154440806804,1.2966585870485665,0.7768338606093361,0.5198247264392304,1.078472709546563,0.7533078042196242,0.32516490532693876
DD,DD,DuPont,Stock,Large-cap diversifier,Industrials,Blend,US,False,False,False,False,True,Known-universe stock candidate added from S&P 500,S&P 500,1,130.05999755859375,,,,US,USD,0.3079965692738033,-0.03365776731224679,0.0027022691704547963,-0.036360036482701585,-0.05660286308165341,0.02989085947713166,-0.08649372255878507,0.36860383610271197,0.1569835212288262,0.21162031487388577,0.4967834110777727,0.7768338606093361,-0.28005044953156344,0.6714365763012489,0.7533078042196242,-0.08187122791837531
DE,DE,Deere & Company,Stock,Large-cap diversifier,Industrials,Blend,US,False,False,False,False,True,Known-universe stock candidate added from S&P 500,S&P 500,1,681.0,,,,US,USD,0.3223762343466607,0.03983757756840722,0.0027022691704547963,0.03713530839795243,0.08503416774529837,0.02989085947713166,0.05514330826816671,0.48130017682661874,0.1569835212288262,0.32431665559779255,0.8462129565135306,0.7768338606093361,0.06937909590419444,1.1337488572280132,0.7533078042196242,0.38044105300838904
DECK,DECK,Deckers Brands,Stock,Large-cap diversifier,Consumer Discretionary,Blend,US,False,False,False,False,True,Known-universe stock candidate added from S&P 500,S&P 500,1,77.63500213623047,,,,US,USD,0.44741268563095676,-0.10846347607052897,0.0027022691704547963,-0.11116574524098377,-0.22620352118641684,0.02989085947713166,-0.2560943806635485,-0.24830554750361888,0.1569835212288262,-0.4052890687324451,-0.08950353133878064,0.7768338606093361,-0.8663373919481168,0.09635888964056938,0.7533078042196242,-0.6569489145790548
DELL,DELL,Dell Technologies,Stock,Large-cap diversifier,Information Technology,Blend,US,False,False,False,False,True,Known-universe stock candidate added from S&P 500,S&P 500,1,543.739990234375,,,,US,USD,0.755461039096373,0.19238608493230336,0.0027022691704547963,0.18968381576184856,0.2807489344866343,0.02989085947713166,0.25085807500950263,3.1125378324276634,0.1569835212288262,2.955554311198837,7.14706468717249,0.7768338606093361,6.370230826563153,10.896459251601815,0.7533078042196242,10.143151447382191
DG,DG,Dollar General,Stock,Large-cap diversifier,Consumer Staples,Blend,US,False,False,False,False,True,Known-universe stock candidate added from S&P 500,S&P 500,1,121.80999755859375,,,,US,USD,0.37411546327761197,-0.03897437823594674,0.0027022691704547963,-0.041676647406401535,0.06277141529453112,0.02989085947713166,0.03288055581739946,0.20734128912139216,0.1569835212288262,0.05035776789256596,0.2047232205694567,0.7768338606093361,-0.5721106400398794,-0.3951792171016085,0.7533078042196242,-1.1484870213212326
DGX,DGX,Quest Diagnostics,Stock,Defensive large-cap,Health Care,Defensive,US,False,True,False,False,True,Known-universe stock candidate added from S&P 500,S&P 500,1,233.7899932861328,,,,US,USD,0.24424686926012198,-0.027091176375153125,0.0027022691704547963,-0.02979344554560792,0.08666112047297259,0.02989085947713166,0.05677026099584093,0.2597600055581295,0.1569835212288262,0.10277648432930331,0.9947286027848574,0.7768338606093361,0.2178947421755213,0.6872143498982495,0.7533078042196242,-0.0660934543213747
DHI,DHI,D. R. Horton,Stock,Large-cap diversifier,Consumer Discretionary,Blend,US,False,False,False,False,True,Known-universe stock candidate added from S&P 500,S&P 500,1,138.69000244140625,,,,US,USD,0.35460873259061326,-0.040605943665765754,0.0027022691704547963,-0.04330821283622055,-0.11433003654080387,0.02989085947713166,-0.14422089601793553,-0.17355774078691422,0.1569835212288262,-0.3305412620157404,0.3228110251667997,0.7768338606093361,-0.4540228354425364,0.651397836021349,0.7533078042196242,-0.10190996819827514
DHR,DHR,Danaher Corporation,Stock,Defensive large-cap,Health Care,Defensive,US,False,True,False,False,True,Known-universe stock candidate added from S&P 500,S&P 500,1,223.22000122070312,,,,US,USD,0.3135925920450044,0.04523320740092718,0.0027022691704547963,0.04253093823047238,0.15228164264974864,0.02989085947713166,0.12239078317261698,0.20643996716399537,0.1569835212288262,0.04945644593516918,0.016180312133622587,0.7768338606093361,-0.7606535484757135,-0.20397752606249997,0.7533078042196242,-0.9572853302821241
DLR,DLR,Digital Realty,Stock,Large-cap diversifier,Real Estate,Blend,US,False,False,True,False,True,Known-universe stock candidate added from S&P 500,S&P 500,1,175.47000122070312,,,,US,USD,0.272011306570657,-0.04804564042379822,0.0027022691704547963,-0.050747909594253016,0.002003117121750053,0.02989085947713166,-0.027887742355381606,0.06105131495565752,0.1569835212288262,-0.09593220627316867,0.5540613826841028,0.7768338606093361,-0.22277247792523336,0.30373466018057016,0.7533078042196242,-0.449573144039054
DLTR,DLTR,Dollar Tree,Stock,Large-cap diversifier,Consumer Staples,Blend,US,False,False,False,False,True,Known-universe stock candidate added from S&P 500,S&P 500,1,113.7300033569336,,,,US,USD,0.4182202349743525,-0.10158775063577286,0.0027022691704547963,-0.10429001980622765,-0.06124637288890433,0.02989085947713166,-0.09113723236603599,0.20719673561357843,0.1569835212288262,0.050213214384752236,0.08936783232461876,0.7768338606093361,-0.6874660282847174,0.3340762857118311,0.7533078042196242,-0.41923151850779306
DOC,DOC,Healthpeak Properties,Stock,Large-cap diversifier,Real Estate,Blend,US,False,False,True,False,True,Known-universe stock candidate added from S&P 500,S&P 500,1,19.989999771118164,,,,US,USD,0.29101466403938786,-0.03501684816140649,0.0027022691704547963,-0.037719117331861285,-0.06275837707806087,0.02989085947713166,-0.09264923655519253,0.12363780378670852,0.1569835212288262,-0.03334571744211767,0.2967629975054009,0.7768338606093361,-0.4800708631039352,-0.23243076379991012,0.7533078042196242,-0.9857385680195343
DOV,DOV,Dover Corporation,Stock,Large-cap diversifier,Industrials,Blend,US,False,False,False,False,True,Known-universe stock candidate added from S&P 500,S&P 500,1,189.4149932861328,,,,US,USD,0.26049358522337035,-0.024790210303874072,0.0027022691704547963,-0.027492479474328868,-0.12549225620232252,0.02989085947713166,-0.15538311567945418,0.14830756120714228,0.1569835212288262,-0.008675960021683915,0.3740347250486282,0.7768338606093361,-0.4027991355607079,0.2415196915898712,0.7533078042196242,-0.511788112629753
DOW,DOW,Dow Inc.,Stock,Large-cap diversifier,Materials,Blend,US,False,False,False,False,True,Known-universe stock candidate added from S&P 500,S&P 500,1,27.729999542236328,,,,US,USD,0.44141835134139384,-0.09141549389517212,0.0027022691704547963,-0.09411776306562691,0.03818648030899152,0.02989085947713166,0.008295620831859862,0.27123779871037423,0.1569835212288262,0.11425427748154804,-0.3548294249315268,0.7768338606093361,-1.131663285540863,-0.3524868174770276,0.7533078042196242,-1.1057946216966519
DPZ,DPZ,Domino's,Stock,Large-cap diversifier,Consumer Discretionary,Blend,US,False,False,False,False,True,Known-universe stock candidate added from S&P 500,S&P 500,1,296.3949890136719,,,,US,USD,0.3075540123905416,-0.12814125656546438,0.0027022691704547963,-0.13084352573591918,-0.019567323470259357,0.02989085947713166,-0.049458182947391016,-0.3029448395134846,0.1569835212288262,-0.4599283607423108,-0.1871775309733461,0.7768338606093361,-0.9640113915826822,-0.35581132245419755,0.7533078042196242,-1.1091191266738218
DRI,DRI,Darden Restaurants,Stock,Large-cap diversifier,Consumer Discretionary,Blend,US,False,False,False,False,True,Known-universe stock candidate added from S&P 500,S&P 500,1,194.14500427246094,,,,US,USD,0.27112092642122,-0.09388122258041609,0.0027022691704547963,-0.09658349175087089,-0.030872864267754374,0.02989085947713166,-0.06076372374488603,0.03794772069759689,0.1569835212288262,-0.11903580053122931,0.5151497866451142,0.7768338606093361,-0.2616840739642219,0.5224117582692194,0.7533078042196242,-0.2308960459504048
DTE,DTE,DTE Energy,Stock,Defensive large-cap,Utilities,Defensive,US,False,True,True,False,True,Known-universe stock candidate added from S&P 500,S&P 500,1,122.20249938964844,,,,US,USD,0.17160744512826437,-0.09075899103947227,0.0027022691704547963,-0.09346126020992707,-0.1809765228275202,0.02989085947713166,-0.21086738230465185,-0.10263270563534299,0.1569835212288262,-0.2596162268641692,0.28182138654287003,0.7768338606093361,-0.4950124740664661,0.2656301990271037,0.7533078042196242,-0.48767760519252046
DVA,DVA,DaVita,Stock,Defensive large-cap,Health Care,Defensive,US,False,True,False,False,True,Known-universe stock candidate added from S&P 500,S&P 500,1,176.83999633789062,,,,US,USD,0.4570975063740285,0.004715651707053681,0.0027022691704547963,0.0020133825365988844,-0.22448801787238293,0.02989085947713166,-0.2543788773495146,0.3541618906269972,0.1569835212288262,0.19717836939817102,0.7936910731979259,0.7768338606093361,0.016857212588589743,0.4601601473592569,0.7533078042196242,-0.29314765686036726
DVN,DVN,Devon Energy,Stock,Large-cap diversifier,Energy,Blend,US,False,False,False,False,True,Known-universe stock candidate added from S&P 500,S&P 500,1,46.474998474121094,,,,US,USD,0.34530067764781636,-0.03574538751257739,0.0027022691704547963,-0.03844765668303218,0.16213640973954924,0.02989085947713166,0.13224555026241758,0.34176799193208485,0.1569835212288262,0.18478447070325865,0.07929419960765638,0.7768338606093361,-0.6975396610016797,0.9343789093392909,0.7533078042196242,0.18107110511966673
EA,EA,Electronic Arts,Stock,Large-cap diversifier,Consumer Discretionary,Blend,US,False,False,False,False,True,Known-universe stock candidate added from Nasdaq-100,Nasdaq-100,1,209.6999969482422,,,,US,USD,,,,,,,,,,,,,,,,
EBAY,EBAY,eBay Inc.,Stock,Large-cap diversifier,Consumer Discretionary,Blend,US,False,False,False,False,True,Known-universe stock candidate added from S&P 500,S&P 500,1,107.5999984741211,,,,US,USD,0.3595068322578825,0.03901121099622973,0.0027022691704547963,0.03630894182577493,-0.03012987673881884,0.02989085947713166,-0.0600207362159505,0.19525359635101935,0.1569835212288262,0.03827007512219316,1.5806552961189295,0.7768338606093361,0.8038214355095934,0.6048383839039,0.7533078042196242,-0.1484694203157242
ECHO,ECHO,EchoStar,Stock,Quality growth,Communication Services,Growth,US,False,False,False,True,True,Known-universe stock candidate added from S&P 500,S&P 500,1,90.80000305175781,,,,US,USD,0.5223033633254895,0.05043961692744059,0.0027022691704547963,0.04773734775698579,-0.099920643101709,0.02989085947713166,-0.12981150257884067,0.2328581285888065,0.1569835212288262,0.0758746073599803,4.141563071138056,0.7768338606093361,3.36472921052872,2.488282775894895,0.7533078042196242,1.7349749716752707
ECL,ECL,Ecolab,Stock,Large-cap diversifier,Materials,Blend,US,False,False,False,False,True,Known-universe stock candidate added from S&P 500,S&P 500,1,276.1050109863281,,,,US,USD,0.21986660394175814,-0.022462888871361386,0.0027022691704547963,-0.025165158041816182,-0.005501536198184609,0.02989085947713166,-0.03539239567531627,0.022744899704426835,0.1569835212288262,-0.13423862152439936,0.6540430997052036,0.7768338606093361,-0.12279076090413255,0.32227927432992765,0.7533078042196242,-0.43102852988969653
ED,ED,Consolidated Edison,Stock,Defensive large-cap,Utilities,Defensive,US,False,True,True,False,True,Known-universe stock candidate added from S&P 500,S&P 500,1,103.75,,,,US,USD,0.17094999716902953,-0.030555006032867982,0.0027022691704547963,-0.03325727520332278,-0.05722477142134941,0.02989085947713166,-0.08711563089848107,0.07654001670060717,0.1569835212288262,-0.08044350452821902,0.27347034791675284,0.7768338606093361,-0.5033635126925833,0.6835884261466827,0.7533078042196242,-0.06971937807294148
EFX,EFX,Equifax,Stock,Large-cap diversifier,Industrials,Blend,US,False,False,False,False,True,Known-universe stock candidate added from S&P 500,S&P 500,1,138.69500732421875,,,,US,USD,0.39005402031527014,-0.2667847079768231,0.0027022691704547963,-0.2694869771472779,-0.14228398064459324,0.02989085947713166,-0.1721748401217249,-0.451151016925194,0.1569835212288262,-0.6081345381540202,-0.22781692560813505,0.7768338606093361,-1.0046507862174712,-0.45069199572713514,0.7533078042196242,-1.2039997999467593
EG,EG,Everest Group,Stock,Financial quality,Financials,Blend,US,False,False,False,False,True,Known-universe stock candidate added from S&P 500,S&P 500,1,368.2449951171875,,,,US,USD,0.24011496313527939,-0.01175162514503314,0.0027022691704547963,-0.014453894315487936,0.028664568699887205,0.02989085947713166,-0.0012262907772444542,0.08480142805591173,0.1569835212288262,-0.07218209317291446,-0.0007245308044014909,0.7768338606093361,-0.7775583914137376,0.5998089772726971,0.7533078042196242,-0.15349882694692707
EIX,EIX,Edison International,Stock,Defensive large-cap,Utilities,Defensive,US,False,True,True,False,True,Known-universe stock candidate added from S&P 500,S&P 500,1,53.72999954223633,,,,US,USD,0.3687041283632511,-0.004631344981846253,0.0027022691704547963,-0.007333614152301049,-0.2603016604432561,0.02989085947713166,-0.29019251992038775,0.02645387548182665,0.1569835212288262,-0.13052964574699955,-0.07795060288688915,0.7768338606093361,-0.8547844634962253,0.1664560944507485,0.7533078042196242,-0.5868517097688757
EL,EL,Estée Lauder Companies (The),Stock,Large-cap diversifier,Consumer Staples,Blend,US,False,False,False,False,True,Known-universe stock candidate added from S&P 500,S&P 500,1,95.12000274658203,,,,US,USD,0.484404414507458,-0.07018572913964749,0.0027022691704547963,-0.07288799831010229,0.15730691275295494,0.02989085947713166,0.12741605327582328,0.08238654516107524,0.1569835212288262,-0.07459697606775095,-0.30918846564168734,0.7768338606093361,-1.0860223262510234,-0.6774891157867551,0.7533078042196242,-1.4307969200063793
ELV,ELV,Elevance Health,Stock,Defensive large-cap,Health Care,Defensive,US,False,True,False,False,True,Known-universe stock candidate added from S&P 500,S&P 500,1,391.07000732421875,,,,US,USD,0.3494155932870953,0.0005913168328373075,0.0027022691704547963,-0.002110952337617489,-0.05626723436333303,0.02989085947713166,-0.08615809384046469,0.24760396730557632,0.1569835212288262,0.09062044607675013,-0.09440821409495892,0.7768338606093361,-0.871242074704295,0.12049466009824639,0.7533078042196242,-0.6328131441213778
EME,EME,Emcor,Stock,Large-cap diversifier,Industrials,Blend,US,False,False,False,False,True,Known-universe stock candidate added from S&P 500,S&P 500,1,750.7849731445312,,,,US,USD,0.4508225351220139,0.022115876062749562,0.0027022691704547963,0.019413606892294766,-0.06608880084249602,0.02989085947713166,-0.09597966031962768,0.1742729086517809,0.1569835212288262,0.017289387422954716,2.58205263894716,0.7768338606093361,1.805218778337824,5.744684871517606,0.7533078042196242,4.991377067297982
EMR,EMR,Emerson Electric,Stock,Large-cap diversifier,Industrials,Blend,US,False,False,False,False,True,Known-universe stock candidate added from S&P 500,S&P 500,1,156.5,,,,US,USD,0.31893118705686624,0.026633413103980486,0.0027022691704547963,0.02393114393352569,0.12550699964302492,0.02989085947713166,0.09561614016589326,0.2298492028223118,0.1569835212288262,0.07286568159348561,0.6817866017983096,0.7768338606093361,-0.09504725881102649,0.8091255288729133,0.7533078042196242,0.05581772465328916
EOG,EOG,EOG Resources,Stock,Large-cap diversifier,Energy,Blend,US,False,False,False,False,True,Known-universe stock candidate added from S&P 500,S&P 500,1,138.80999755859375,,,,US,USD,0.2873428557511311,-0.04242555788102842,0.0027022691704547963,-0.045127827051483216,0.08748872709675992,0.02989085947713166,0.05759786761962826,0.2671846395310733,0.1569835212288262,0.1102011183022471,0.22860448237515696,0.7768338606093361,-0.5482293782341792,1.3562904786801222,0.7533078042196242,0.602982674460498
EQIX,EQIX,Equinix,Stock,Large-cap diversifier,Real Estate,Blend,US,False,False,True,False,True,Known-universe stock candidate added from S&P 500,S&P 500,1,1007.8400268554688,,,,US,USD,0.2515439106142675,-0.03714455149025098,0.0027022691704547963,-0.03984682066070577,-0.0009514660933265251,0.02989085947713166,-0.030842325570458184,0.31684874389203666,0.1569835212288262,0.15986522266321046,0.46443113477187525,0.7768338606093361,-0.31240272583746087,0.29444382688979953,0.7533078042196242,-0.45886397732982465
EQT,EQT,EQT Corporation,Stock,Large-cap diversifier,Energy,Blend,US,False,False,False,False,True,Known-universe stock candidate added from S&P 500,S&P 500,1,48.7599983215332,,,,US,USD,0.3064355718006226,-0.10003695003901303,0.0027022691704547963,-0.10273921920946782,-0.06796992424185522,0.02989085947713166,-0.09786078371898688,-0.09410964440829361,0.1569835212288262,-0.2510931656371198,0.30687183912423577,0.7768338606093361,-0.46996202148510036,1.7692170537866057,0.7533078042196242,1.0159092495669815
ERIE,ERIE,Erie Indemnity,Stock,Financial quality,Financials,Blend,US,False,False,False,False,True,Known-universe stock candidate added from S&P 500,S&P 500,1,220.89999389648438,,,,US,USD,0.375131029081069,-0.13562374390836607,0.0027022691704547963,-0.13832601307882086,-0.10874131406292231,0.02989085947713166,-0.13863217354005397,-0.2798730594196047,0.1569835212288262,-0.4368565806484309,-0.21562014974241583,0.7768338606093361,-0.992454010351752,0.3165310567750017,0.7533078042196242,-0.43677674744462247
ES,ES,Eversource Energy,Stock,Defensive large-cap,Utilities,Defensive,US,False,True,True,False,True,Known-universe stock candidate added from S&P 500,S&P 500,1,64.43990325927734,,,,US,USD,0.24028805071114334,-0.07045100520403313,0.0027022691704547963,-0.07315327437448793,-0.0969728162769834,0.02989085947713166,-0.12686367575411506,-0.044126116589161435,0.1569835212288262,-0.20110963781798763,0.19761080935073916,0.7768338606093361,-0.579223051258597,-0.04751354312633482,0.7533078042196242,-0.800821347345959
ESS,ESS,Essex Property Trust,Stock,Large-cap diversifier,Real Estate,Blend,US,False,False,True,False,True,Known-universe stock candidate added from S&P 500,S&P 500,1,270.6099853515625,,,,US,USD,0.19423382633297925,-0.04364576786989438,0.0027022691704547963,-0.04634803704034918,-0.08323737358177208,0.02989085947713166,-0.11312823305890374,0.0570154426434577,0.1569835212288262,-0.09996807858536849,0.4008451976726377,0.7768338606093361,-0.3759886629366984,-0.01621839072425868,0.7533078042196242,-0.7695261949438829
ETN,ETN,Eaton Corporation,Stock,Large-cap diversifier,Industrials,Blend,US,False,False,False,False,True,Known-universe stock candidate added from S&P 500,S&P 500,1,429.0299987792969,,,,US,USD,0.3929955315110862,0.0675574638365033,0.0027022691704547963,0.0648551946660485,0.043112202385413134,0.02989085947713166,0.013221342908281475,0.1815698384517348,0.1569835212288262,0.024586317222908605,1.0628895351656769,0.7768338606093361,0.28605567455634073,1.9638028462380444,0.7533078042196242,1.2104950420184202
EVRG,EVRG,Evergy,Stock,Defensive large-cap,Utilities,Defensive,US,False,True,True,False,True,Known-universe stock candidate added from S&P 500,S&P 500,1,79.25,,,,US,USD,0.16184146954832399,-0.02184641713655122,0.0027022691704547963,-0.024548686307006018,-0.07284228174860319,0.02989085947713166,-0.10273314122573485,0.09263742807364816,0.1569835212288262,-0.06434609315517803,0.6807185852747233,0.7768338606093361,-0.09611527533461284,0.5391399197836142,0.7533078042196242,-0.21416788443600998
EW,EW,Edwards Lifesciences,Stock,Defensive large-cap,Health Care,Defensive,US,False,True,False,False,True,Known-universe stock candidate added from S&P 500,S&P 500,1,86.51000213623047,,,,US,USD,0.25274490861106347,-0.046721739545669716,0.0027022691704547963,-0.04942400871612451,-0.05957164751383659,0.02989085947713166,-0.08946250699096825,0.12074102085822425,0.1569835212288262,-0.03624250037060195,0.24546506300731052,0.7768338606093361,-0.5313687976020256,-0.27703493658153655,0.7533078042196242,-1.0303427408011607
EXE,EXE,Expand Energy,Stock,Large-cap diversifier,Energy,Blend,US,False,False,False,False,True,Known-universe stock candidate added from S&P 500,S&P 500,1,83.75,,,,US,USD,0.31286311240413894,-0.14680117282505523,0.0027022691704547963,-0.14950344199551002,-0.059359443290726954,0.02989085947713166,-0.08925030276785861,-0.19822338371486203,0.1569835212288262,-0.35520690494368823,0.0967500280000324,0.7768338606093361,-0.6800838326093037,0.8057432092043344,0.7533078042196242,0.05243540498471022
EXPD,EXPD,Expeditors International,Stock,Large-cap diversifier,Industrials,Blend,US,False,False,False,False,True,Known-universe stock candidate added from S&P 500,S&P 500,1,185.67999267578125,,,,US,USD,0.3105158427287504,-0.020933305291167326,0.0027022691704547963,-0.023635574461622122,0.113122686849505,0.02989085947713166,0.08323182737237333,0.5283503552311424,0.1569835212288262,0.3713668340023162,0.6597564048661742,0.7768338606093361,-0.11707745574316197,0.5987467244097664,0.7533078042196242,-0.15456107980985778
EXPE,EXPE,Expedia Group,Stock,Large-cap diversifier,Consumer Discretionary,Blend,US,False,False,False,False,True,Known-universe stock candidate added from S&P 500,S&P 500,1,265.67999267578125,,,,US,USD,0.5066958680196555,-0.1622098991972969,0.0027022691704547963,-0.1649121683677517,0.005757067752899747,0.02989085947713166,-0.024133791724231912,0.2137881438392577,0.1569835212288262,0.05680462261043151,1.6751731692404324,0.7768338606093361,0.8983393086310962,0.6946411448606591,0.7533078042196242,-0.05866665935896509
EXR,EXR,Extra Space Storage,Stock,Large-cap diversifier,Real Estate,Blend,US,False,False,True,False,True,Known-universe stock candidate added from S&P 500,S&P 500,1,132.2550048828125,,,,US,USD,0.22653486865538885,-0.051665230254012484,0.0027022691704547963,-0.05436749942446728,-0.09151983833335775,0.02989085947713166,-0.12141069781048941,-0.020844491384355956,0.1569835212288262,-0.17782801261318215,0.23168272005557977,0.7768338606093361,-0.5451511405537564,-0.09431853495396392,0.7533078042196242,-0.8476263391735881
F,F,Ford Motor Company,Stock,Large-cap diversifier,Consumer Discretionary,Blend,US,False,False,False,False,True,Known-universe stock candidate added from S&P 500,S&P 500,1,12.255000114440918,,,,US,USD,0.38886259171425247,-0.12087514466740401,0.0027022691704547963,-0.12357741383785881,-0.09180897900855411,0.02989085947713166,-0.12169983848568577,0.06090746840014094,0.1569835212288262,-0.09607605282868525,0.17644777068792483,0.7768338606093361,-0.6003860899214113,0.2631374542700817,0.7533078042196242,-0.49017034994954245
FCX,FCX,Freeport-McMoRan,Stock,Large-cap diversifier,Materials,Blend,US,False,False,False,False,True,Known-universe stock candidate added from S&P 500,S&P 500,1,72.49500274658203,,,,US,USD,0.4793412547717752,-0.042843876534352954,0.0027022691704547963,-0.04554614570480775,0.20057759238711137,0.02989085947713166,0.1706867329099797,0.9739854102244765,0.1569835212288262,0.8170018889956503,1.0260791404297573,0.7768338606093361,0.24924527982042122,1.4611749841482973,0.7533078042196242,0.7078671799286731
FDS,FDS,FactSet,Stock,Financial quality,Financials,Blend,US,False,False,False,False,True,Known-universe stock candidate added from S&P 500,S&P 500,1,265.8399963378906,,,,US,USD,0.4676512299623376,-0.15216071858558056,0.0027022691704547963,-0.15486298775603535,0.0867105997710822,0.02989085947713166,0.05681974029395054,-0.06904585441132227,0.1569835212288262,-0.22602937564014847,-0.3688287039948712,0.7768338606093361,-1.1456625646042073,-0.2506736246736391,0.7533078042196242,-1.0039814288932631
FDX,FDX,FedEx,Stock,Large-cap diversifier,Industrials,Blend,US,False,False,False,False,True,Known-universe stock candidate added from S&P 500,S&P 500,1,285.69000244140625,,,,US,USD,0.28879840130262674,-0.12397209434292078,0.0027022691704547963,-0.12667436351337558,-0.08626741867122267,0.02989085947713166,-0.11615827814835433,0.5240359686873481,0.1569835212288262,0.36705244745852195,0.4131880940040169,0.7768338606093361,-0.3636457666053192,0.7103143033601871,0.7533078042196242,-0.042993500859437095
FDXF,FDXF,FedEx Freight,Stock,Large-cap diversifier,Industrials,Blend,US,False,False,False,False,True,Known-universe stock candidate added from S&P 500,S&P 500,1,110.87000274658203,,,,US,USD,,-0.1710034530225214,0.0027022691704547963,-0.1737057221929762,-0.28824549203544525,0.02989085947713166,-0.3181363515125769,,,,,,,,,
FE,FE,FirstEnergy,Stock,Defensive large-cap,Utilities,Defensive,US,False,True,True,False,True,Known-universe stock candidate added from S&P 500,S&P 500,1,43.63999938964844,,,,US,USD,0.16140495318996592,-0.04840822483988416,0.0027022691704547963,-0.05111049401033896,-0.06367895283619818,0.02989085947713166,-0.09356981231332984,-0.0003683095135089687,0.1569835212288262,-0.15735183074233516,0.37610565445276833,0.7768338606093361,-0.4007282061565678,0.4511023275171091,0.7533078042196242,-0.3022054767025151
FER,FER,Ferrovial,Stock,Large-cap diversifier,Industrials,Blend,US,False,False,False,False,True,Known-universe stock candidate added from Nasdaq-100,Nasdaq-100,1,54.09000015258789,,,,US,USD,0.2537699608040658,-0.0761741954327746,0.0027022691704547963,-0.07887646460322939,-0.1958073381705765,0.02989085947713166,-0.22569819764770815,-0.036586213505936604,0.1569835212288262,-0.1935697347347628,0.7296976999181284,0.7768338606093361,-0.04713616069120774,1.0635149947667628,0.7533078042196242,0.31020719054713863
FERG,FERG,Ferguson Enterprises,Stock,Large-cap diversifier,Industrials,Blend,US,False,False,False,False,True,Known-universe stock candidate added from S&P 500,S&P 500,1,224.0449981689453,,,,US,USD,0.2974547278954769,-0.0020711609695240885,0.0027022691704547963,-0.004773430139978885,-0.018844280708516403,0.02989085947713166,-0.04873514018564806,0.011098592802386342,0.1569835212288262,-0.14588492842643985,0.5636836575873414,0.7768338606093361,-0.21315020302199472,0.7206188738235426,0.7533078042196242,-0.03268893039608156
FFIV,FFIV,"F5, Inc.",Stock,Large-cap diversifier,Information Technology,Blend,US,False,False,False,False,True,Known-universe stock candidate added from S&P 500,S&P 500,1,443.389892578125,,,,US,USD,0.3647186486170826,0.08906218470866434,0.0027022691704547963,0.08635991553820954,0.04528714280267021,0.02989085947713166,0.015396283325538551,0.3741706054229279,0.1569835212288262,0.2171870841941017,1.7970595548056858,0.7768338606093361,1.0202256941963497,1.2326899680471315,0.7533078042196242,0.4793821638275073
FICO,FICO,Fair Isaac,Stock,Large-cap diversifier,Information Technology,Blend,US,False,False,False,False,True,Known-universe stock candidate added from S&P 500,S&P 500,1,598.27001953125,,,,US,USD,0.6275141008573077,-0.4784999782931245,0.0027022691704547963,-0.4812022474635793,-0.5041892782277413,0.02989085947713166,-0.534080137704873,-0.6078049333232185,0.1569835212288262,-0.7647884545520447,-0.3277713738952388,0.7768338606093361,-1.104605234504575,0.4314049951251169,0.7533078042196242,-0.3219028090945073
FIS,FIS,Fidelity National Information Services,Stock,Financial quality,Financials,Blend,US,False,False,False,False,True,Known-universe stock candidate added from S&P 500,S&P 500,1,33.088600158691406,,,,US,USD,0.33066111843357404,-0.17903048876866567,0.0027022691704547963,-0.18173275793912047,-0.17963418250017382,0.02989085947713166,-0.20952504197730548,-0.4777627138971704,0.1569835212288262,-0.6347462351259966,-0.3589458542153149,0.7768338606093361,-1.135779714824651,-0.6900671670530772,0.7533078042196242,-1.4433749712727013
FISV,FISV,Fiserv,Stock,Financial quality,Financials,Blend,US,False,False,False,False,True,Known-universe stock candidate added from S&P 500,S&P 500,1,45.40999984741211,,,,US,USD,0.579103719151072,-0.1481898578572708,0.0027022691704547963,-0.1508921270277256,-0.10486890878827904,0.02989085947713166,-0.1347597682654107,-0.6495060149497506,0.1600328024566271,-0.8095388174063777,-0.6088042804004881,0.7839821788863568,-1.3927864592868449,-0.5724508027601442,0.7699986128214102,-1.3424494155815543
FITB,FITB,Fifth Third Bancorp,Stock,Financial quality,Financials,Blend,US,False,False,False,False,True,Known-universe stock candidate added from S&P 500,S&P 500,1,50.85499954223633,,,,US,USD,0.26513343887692564,-0.054212402654098435,0.0027022691704547963,-0.05691467182455323,-0.115411409680227,0.02989085947713166,-0.14530226915735867,0.15815677407489415,0.1569835212288262,0.0011732528460679514,1.1976315593175495,0.7768338606093361,0.4207976987082134,0.5703998276384643,0.7533078042196242,-0.18290797658115987
FIX,FIX,Comfort Systems USA,Stock,Large-cap diversifier,Industrials,Blend,US,False,False,False,False,True,Known-universe stock candidate added from S&P 500,S&P 500,1,1646.0250244140625,,,,US,USD,0.5656933724349443,0.06496100568966989,0.0027022691704547963,0.0622587365192151,-0.11702679518577208,0.02989085947713166,-0.14691765466290374,1.057116159649485,0.1569835212288262,0.9001326384206587,8.663996405090925,0.7768338606093361,7.887162544481589,22.950809695520203,0.7533078042196242,22.19750189130058
FLEX,FLEX,Flex Ltd.,Stock,Large-cap diversifier,Information Technology,Blend,US,False,False,False,False,True,Known-universe stock candidate added from S&P 500,S&P 500,1,110.7699966430664,,,,US,USD,0.6911318233608533,0.013913012751179954,0.0027022691704547963,0.011210743580725158,-0.2785123589931048,0.02989085947713166,-0.30840321847023644,0.9247610445098617,0.1569835212288262,0.7677775232810355,4.69514879465649,0.7768338606093361,3.9183149340471535,6.997376960144956,0.7533078042196242,6.244069155925331
FOX,FOX,Fox Corporation (Class B),Stock,Quality growth,Communication Services,Growth,US,False,False,False,True,True,Known-universe stock candidate added from S&P 500,S&P 500,1,56.56999969482422,,,,US,USD,0.33733155156017675,-0.05597336212067183,0.0027022691704547963,-0.05867563129112663,0.1740868545613825,0.02989085947713166,0.14419599508425085,0.002715946555754245,0.1569835212288262,-0.15426757467307195,1.0419981844450938,0.7768338606093361,0.2651643238357577,0.7092605019429536,0.7533078042196242,-0.04404730227667053
FOXA,FOXA,Fox Corporation (Class A),Stock,Quality growth,Communication Services,Growth,US,False,False,False,True,True,Known-universe stock candidate added from S&P 500,S&P 500,1,63.38999938964844,,,,US,USD,0.3495521918479197,-0.054639106051176056,0.0027022691704547963,-0.05734137522163085,0.17624339583109183,0.02989085947713166,0.14635253635396017,0.017531565733880372,0.1569835212288262,-0.13945195549494582,1.101972290707613,0.7768338606093361,0.3251384300982769,0.7657570198883865,0.7533078042196242,0.012449215668762337
FRT,FRT,Federal Realty Investment Trust,Stock,Large-cap diversifier,Real Estate,Blend,US,False,False,True,False,True,Known-universe stock candidate added from S&P 500,S&P 500,1,108.9000015258789,,,,US,USD,0.16283439351470902,-0.06144960207213379,0.0027022691704547963,-0.06415187124258859,-0.09559008210422004,0.02989085947713166,-0.1254809415813517,0.13705660141682974,0.1569835212288262,-0.019926919811996457,0.325234192553876,0.7768338606093361,-0.45159966805546015,0.12143524002520101,0.7533078042196242,-0.6318725641944232
FSLR,FSLR,First Solar,Stock,Large-cap diversifier,Information Technology,Blend,US,False,False,False,False,True,Known-universe stock candidate added from S&P 500,S&P 500,1,177.39999389648438,,,,US,USD,0.5490749246770006,-0.12134720525331633,0.0027022691704547963,-0.12404947442377112,-0.23560844322284713,0.02989085947713166,-0.2654993026999788,-0.20637053252238913,0.1569835212288262,-0.3633540537512153,0.07946937963745482,0.7768338606093361,-0.6973644809718813,0.8535157830261075,0.7533078042196242,0.10020797880648336
FTV,FTV,Fortive,Stock,Large-cap diversifier,Industrials,Blend,US,False,False,False,False,True,Known-universe stock candidate added from S&P 500,S&P 500,1,55.14500045776367,,,,US,USD,0.2670407235518701,-0.06165646206707376,0.0027022691704547963,-0.06435873123752855,-0.10659973548897461,0.02989085947713166,-0.13649059496610627,0.13247551194114804,0.1569835212288262,-0.024508009287678156,-0.009070041109120242,0.7768338606093361,-0.7859039017184564,0.02140026052331323,0.7533078042196242,-0.731907543696311
GD,GD,General Dynamics,Stock,Large-cap diversifier,Industrials,Blend,US,False,False,False,False,True,Known-universe stock candidate added from S&P 500,S&P 500,1,332.0,,,,US,USD,0.2250596583447983,-0.10596473800123385,0.0027022691704547963,-0.10866700717168865,-0.08101970798511082,0.02989085947713166,-0.11091056746224248,0.017120934627654183,0.1569835212288262,-0.139862586601172,0.6064647390622384,0.7768338606093361,-0.1703691215470977,0.9031392858217473,0.7533078042196242,0.14983148160212312
GDDY,GDDY,GoDaddy,Stock,Large-cap diversifier,Information Technology,Blend,US,False,False,False,False,True,Known-universe stock candidate added from S&P 500,S&P 500,1,94.55000305175781,,,,US,USD,0.4881264189477162,-0.034021192226217356,0.0027022691704547963,-0.03672346139667215,0.08790701953426905,0.02989085947713166,0.05801616005713739,-0.33260390856358757,0.1569835212288262,-0.48958742979241376,0.29733818077666774,0.7768338606093361,-0.4794956798326684,0.318137440775937,0.7533078042196242,-0.4351703634436872
GE,GE,GE Aerospace,Stock,Large-cap diversifier,Industrials,Blend,US,False,False,False,False,True,Known-universe stock candidate added from S&P 500,S&P 500,1,313.0299987792969,,,,US,USD,0.3310929020727253,-0.06755828915749174,0.0027022691704547963,-0.07026055832794653,-0.16407904724230926,0.02989085947713166,-0.19396990671944092,0.07017585958693329,0.1569835212288262,-0.08680766164189291,2.5659540576094604,0.7768338606093361,1.7891201970001243,4.222314042065566,0.7533078042196242,3.469006237845942
GEN,GEN,Gen Digital,Stock,Large-cap diversifier,Information Technology,Blend,US,False,False,False,False,True,Known-universe stock candidate added from S&P 500,S&P 500,1,22.040000915527344,,,,US,USD,0.39325228142366864,-0.289032228531376,0.0027022691704547963,-0.2917344977018308,-0.1521577615154892,0.02989085947713166,-0.18204862099262087,-0.21918028616229057,0.1569835212288262,-0.37616380739111677,0.2498764759073937,0.7768338606093361,-0.5269573847019424,-0.01944518624062419,0.7533078042196242,-0.7727529904602484
GEV,GEV,GE Vernova,Stock,Large-cap diversifier,Industrials,Blend,US,False,False,False,False,True,Known-universe stock candidate added from S&P 500,S&P 500,1,954.5,,,,US,USD,0.524415379570038,0.0622905956152886,0.0027022691704547963,0.059588326444833806,-0.1585489306270208,0.02989085947713166,-0.18843979010415246,0.5880142784451146,0.1569835212288262,0.43103075721628836,,,,,,
GIS,GIS,General Mills,Stock,Large-cap diversifier,Consumer Staples,Blend,US,False,False,False,False,True,Known-universe stock candidate added from S&P 500,S&P 500,1,33.084999084472656,,,,US,USD,0.28438266340319596,-0.1969660565095539,0.0027022691704547963,-0.1996683256800087,-0.10887751989246153,0.02989085947713166,-0.1387683793695932,-0.2923180210635946,0.1569835212288262,-0.4493015422924208,-0.41384878033648453,0.7768338606093361,-1.1906826409458207,-0.32885855871450875,0.7533078042196242,-1.082166362934133
GL,GL,Globe Life,Stock,Financial quality,Financials,Blend,US,False,False,False,False,True,Known-universe stock candidate added from S&P 500,S&P 500,1,166.57000732421875,,,,US,USD,0.20003010797904766,-0.03532745068288101,0.0027022691704547963,-0.03802971985333581,-0.07327642595083272,0.02989085947713166,-0.10316728542796438,0.17001270190438533,0.1569835212288262,0.013029180675559138,0.5381723134585985,0.7768338606093361,-0.23866154715073762,0.9761647313839124,0.7533078042196242,0.22285692716428818
GLW,GLW,Corning Inc.,Stock,Large-cap diversifier,Information Technology,Blend,US,False,False,False,False,True,Known-universe stock candidate added from S&P 500,S&P 500,1,154.0,,,,US,USD,0.726244212419297,0.0354333653186889,0.0027022691704547963,0.03273109614823411,-0.30068452587379757,0.02989085947713166,-0.33057538535092923,0.935496886917613,0.1569835212288262,0.7785133656887868,4.2947277620764055,0.7768338606093361,3.5178939014670694,3.676412219364363,0.7533078042196242,2.923104415144739
GM,GM,General Motors,Stock,Large-cap diversifier,Consumer Discretionary,Blend,US,False,False,False,False,True,Known-universe stock candidate added from S&P 500,S&P 500,1,79.13999938964844,,,,US,USD,0.35266033436375627,-0.0812828337445094,0.0027022691704547963,-0.0839851029149642,0.05010149189183499,0.02989085947713166,0.020210632414703333,0.30600087767268547,0.1569835212288262,0.14901735644385927,1.4669501124012365,0.7768338606093361,0.6901162517919004,0.6259843670632546,0.7533078042196242,-0.12732343715636962
GNRC,GNRC,Generac,Stock,Large-cap diversifier,Industrials,Blend,US,False,False,False,False,True,Known-universe stock candidate added from S&P 500,S&P 500,1,207.5500030517578,,,,US,USD,0.5729407859893205,0.11959217598985394,0.0027022691704547963,0.11688990681939915,-0.23192212969372084,0.02989085947713166,-0.2618129891708525,0.2516583879166445,0.1569835212288262,0.09467486668781833,0.9323153893995673,0.7768338606093361,0.15548152879023114,-0.5307165120685098,0.7533078042196242,-1.284024316288134
GPC,GPC,Genuine Parts Company,Stock,Large-cap diversifier,Consumer Discretionary,Blend,US,False,False,False,False,True,Known-universe stock candidate added from S&P 500,S&P 500,1,126.26499938964844,,,,US,USD,0.3294180978358791,-0.06207790885920017,0.0027022691704547963,-0.06478017802965497,0.08388312393841235,0.02989085947713166,0.05399226446128069,-0.06014484729020397,0.1569835212288262,-0.21712836851903017,-0.05500139096289802,0.7768338606093361,-0.8318352515722341,0.19265176653614846,0.7533078042196242,-0.5606560376834757
GPN,GPN,Global Payments,Stock,Financial quality,Financials,Blend,US,False,False,False,False,True,Known-universe stock candidate added from S&P 500,S&P 500,1,83.19000244140625,,,,US,USD,0.4053139512488011,-0.08373936265909432,0.0027022691704547963,-0.08644163182954911,0.11159942914704102,0.02989085947713166,0.08170856966990936,-0.02388692432730799,0.1569835212288262,-0.18087044555613419,-0.2810560469265104,0.7768338606093361,-1.0578899075358466,-0.4572231481543243,0.7533078042196242,-1.2105309523739485
GRMN,GRMN,Garmin,Stock,Large-cap diversifier,Consumer Discretionary,Blend,US,False,False,False,False,True,Known-universe stock candidate added from S&P 500,S&P 500,1,290.57000732421875,,,,US,USD,0.3430025454293115,0.02669821359174729,0.0027022691704547963,0.023995944421292492,0.2274668025104456,0.02989085947713166,0.19757594303331394,0.2029946124620281,0.1569835212288262,0.046011091233201906,1.901663221066578,0.7768338606093361,1.124829360457242,0.9097669333295357,0.7533078042196242,0.15645912910991155
GWW,GWW,W. W. Grainger,Stock,Large-cap diversifier,Industrials,Blend,US,False,False,False,False,True,Known-universe stock candidate added from S&P 500,S&P 500,1,1248.0975341796875,,,,US,USD,0.23395436693100852,-0.04688272267258753,0.0027022691704547963,-0.049584991843042325,-0.06553766190086452,0.02989085947713166,-0.09542852137799618,0.3274657073917715,0.1569835212288262,0.1704821861629453,0.8550775834204454,0.7768338606093361,0.07824372281110925,2.260987105446822,0.7533078042196242,1.5076793012271978
HAL,HAL,Halliburton,Stock,Large-cap diversifier,Energy,Blend,US,False,False,False,False,True,Known-universe stock candidate added from S&P 500,S&P 500,1,31.739999771118164,,,,US,USD,0.3531565729325921,-0.13467282263698133,0.0027022691704547963,-0.13737509180743612,-0.03401067731921825,0.02989085947713166,-0.06390153679634991,0.2953070003271563,0.1569835212288262,0.1383234790983301,-0.17067654079606953,0.7768338606093361,-0.9475104014054057,0.7718361659882094,0.7533078042196242,0.01852836176858519
HAS,HAS,Hasbro,Stock,Large-cap diversifier,Consumer Discretionary,Blend,US,False,False,False,False,True,Known-universe stock candidate added from S&P 500,S&P 500,1,88.58999633789062,,,,US,USD,0.30292795459729116,-0.058554752662889786,0.0027022691704547963,-0.06125702183334458,0.09568783742290465,0.02989085947713166,0.065796977945773,0.1884078410550154,0.1569835212288262,0.031424319826189206,0.5047893636394032,0.7768338606093361,-0.27204449696993294,0.1488361122401045,0.7533078042196242,-0.6044716919795197
HBAN,HBAN,Huntington Bancshares,Stock,Financial quality,Financials,Blend,US,False,False,False,False,True,Known-universe stock candidate added from S&P 500,S&P 500,1,15.324999809265137,,,,US,USD,0.271078829573687,-0.07270007858382466,0.0027022691704547963,-0.07540234775427945,-0.14540943527152383,0.02989085947713166,-0.1753002947486555,-0.0827528555829351,0.1569835212288262,-0.2397363768117613,0.6652468212807272,0.7768338606093361,-0.11158703932860892,0.3183007506460478,0.7533078042196242,-0.4350070535735764
HCA,HCA,HCA Healthcare,Stock,Defensive large-cap,Health Care,Defensive,US,False,True,False,False,True,Known-universe stock candidate added from S&P 500,S&P 500,1,427.44000244140625,,,,US,USD,0.3102673070872215,0.03324430807872458,0.0027022691704547963,0.030542038908269786,0.08897398556193514,0.02989085947713166,0.05908312608480348,0.022435937678388918,0.1569835212288262,-0.13454758355043728,0.718244365687775,0.7768338606093361,-0.05858949492156107,0.7259528267092767,0.7533078042196242,-0.027354977510347434
HIG,HIG,Hartford (The),Stock,Financial quality,Financials,Blend,US,False,False,False,False,True,Known-universe stock candidate added from S&P 500,S&P 500,1,124.26499938964844,,,,US,USD,0.19591108144443725,-0.09149729128044648,0.0027022691704547963,-0.09419956045090128,-0.06781607116611943,0.02989085947713166,-0.09770693064325109,-0.043536100684477774,0.1569835212288262,-0.20051962191330397,0.7979391489614887,0.7768338606093361,0.02110528835215253,0.9915007323392171,0.7533078042196242,0.23819292811959292
HII,HII,Huntington Ingalls Industries,Stock,Large-cap diversifier,Industrials,Blend,US,False,False,False,False,True,Known-universe stock candidate added from S&P 500,S&P 500,1,264.5799865722656,,,,US,USD,0.3829729714820989,-0.09141491936421997,0.0027022691704547963,-0.09411718853467477,-0.047159664907324594,0.02989085947713166,-0.07705052438445625,-0.037752246112360166,0.1569835212288262,-0.19473576734118636,0.39792131175454193,0.7768338606093361,-0.3789125488547942,0.539240002471375,0.7533078042196242,-0.21406780174824913
HLT,HLT,Hilton Worldwide,Stock,Large-cap diversifier,Consumer Discretionary,Blend,US,False,False,False,False,True,Known-universe stock candidate added from S&P 500,S&P 500,1,321.32000732421875,,,,US,USD,0.23542032661988158,0.01593527432772901,0.0027022691704547963,0.013233005157274214,-0.032077812419705753,0.02989085947713166,-0.06196867189683741,0.2275061745378788,0.1569835212288262,0.07052265330905261,1.1899316523427288,0.7768338606093361,0.41309779173339267,1.5218804091601212,0.7533078042196242,0.7685726049404971
HONA,HONA,Honeywell Aerospace,Stock,Large-cap diversifier,Industrials,Blend,US,False,False,False,False,True,Known-universe stock candidate added from S&P 500,S&P 500,1,154.22999572753906,,,,US,USD,,-0.024539908088258344,0.0027022691704547963,-0.02724217725871314,-0.32143956934619355,0.02989085947713166,-0.3513304288233252,,,,,,,,,
HOOD,HOOD,Robinhood Markets,Stock,Financial quality,Financials,Blend,US,False,False,False,False,True,Known-universe stock candidate added from S&P 500,S&P 500,1,114.32499694824219,,,,US,USD,0.7197074898676434,0.0907833184933442,0.0027022691704547963,0.0880810493228894,0.05223189454821653,0.02989085947713166,0.02234103507108487,-0.1638019607409843,0.1569835212288262,-0.3207854819698105,10.810433196692562,0.7768338606093361,10.033599336083226,1.4386730875311073,0.7533078042196242,0.6853652833114832
HPE,HPE,Hewlett Packard Enterprise,Stock,Large-cap diversifier,Information Technology,Blend,US,False,False,False,False,True,Known-universe stock candidate added from S&P 500,S&P 500,1,64.7699966430664,,,,US,USD,0.574407787354279,0.24299038942805606,0.0027022691704547963,0.24028812025760127,0.47744749856467394,0.02989085947713166,0.4475566390875423,1.7314798734923853,0.1569835212288262,1.574496352263559,3.105727327107301,0.7768338606093361,2.328893466497965,4.636609568787267,0.7533078042196242,3.883301764567643
HPQ,HPQ,HP Inc.,Stock,Large-cap diversifier,Information Technology,Blend,US,False,False,False,False,True,Known-universe stock candidate added from S&P 500,S&P 500,1,30.96500015258789,,,,US,USD,0.45781485546955836,0.041503134341935644,0.0027022691704547963,0.03880086517148085,0.41988753078944563,0.02989085947713166,0.38999667131231397,0.21022943669083127,0.1569835212288262,0.05324591546200508,0.3322179120390003,0.7768338606093361,-0.4446159485703358,0.35514504393839186,0.7533078042196242,-0.3981627602812323
HRL,HRL,Hormel Foods,Stock,Large-cap diversifier,Consumer Staples,Blend,US,False,False,False,False,True,Known-universe stock candidate added from S&P 500,S&P 500,1,20.09000015258789,,,,US,USD,0.2920876449249323,-0.0805492081535355,0.0027022691704547963,-0.0832514773239903,-0.18284244278994988,0.02989085947713166,-0.21273330226708154,-0.1418767747306222,0.1569835212288262,-0.2988602959594484,-0.41592485471243423,0.7768338606093361,-1.1927587153217702,-0.41660815917523375,0.7533078042196242,-1.169915963394858
HSIC,HSIC,Henry Schein,Stock,Defensive large-cap,Health Care,Defensive,US,False,True,False,False,True,Known-universe stock candidate added from S&P 500,S&P 500,1,84.37999725341797,,,,US,USD,0.25515449613279884,-0.06035640995709013,0.0027022691704547963,-0.06305867912754493,-0.001656405527790783,0.02989085947713166,-0.03154726500492244,0.2775169319416455,0.1569835212288262,0.12053341071281931,0.14413555597854866,0.7768338606093361,-0.6326983046307875,0.09784018453486198,0.7533078042196242,-0.6554676196847622
HST,HST,Host Hotels & Resorts,Stock,Large-cap diversifier,Real Estate,Blend,US,False,False,True,False,True,Known-universe stock candidate added from S&P 500,S&P 500,1,22.260000228881836,,,,US,USD,0.24725556476591407,0.015047875928582144,0.0027022691704547963,0.012345606758127348,-0.04668094795633926,0.02989085947713166,-0.07657180743347092,0.38220814798821756,0.1569835212288262,0.22522462675939137,0.6681833853057109,0.7768338606093361,-0.10865047530362526,0.7107141459373245,0.7533078042196242,-0.04259365828229966
HSY,HSY,Hershey Company (The),Stock,Large-cap diversifier,Consumer Staples,Blend,US,False,False,False,False,True,Known-universe stock candidate added from S&P 500,S&P 500,1,161.00999450683594,,,,US,USD,0.2695643153706093,-0.0862607776396791,0.0027022691704547963,-0.0889630468101339,-0.09175589053094313,0.02989085947713166,-0.12164675000807479,-0.09909643700036308,0.1569835212288262,-0.2560799582291893,-0.14528379876783237,0.7768338606093361,-0.9221176593771685,0.0593795432579145,0.7533078042196242,-0.6939282609617097
HUBB,HUBB,Hubbell Incorporated,Stock,Large-cap diversifier,Industrials,Blend,US,False,False,False,False,True,Known-universe stock candidate added from S&P 500,S&P 500,1,458.0,,,,US,USD,0.3190226828052015,0.011037527593819041,0.0027022691704547963,0.008335258423364245,-0.0626392277434541,0.02989085947713166,-0.09253008722058575,0.0871117473308698,0.1569835212288262,-0.0698717738979564,0.5204634899163225,0.7768338606093361,-0.2563703706930136,1.7267217016719716,0.7533078042196242,0.9734138974523474
HUM,HUM,Humana,Stock,Defensive large-cap,Health Care,Defensive,US,False,True,False,False,True,Known-universe stock candidate added from S&P 500,S&P 500,1,384.55499267578125,,,,US,USD,0.471854435546048,0.0034574058697620647,0.0027022691704547963,0.0007551366993072683,-0.06073230408005437,0.02989085947713166,-0.09062316355718603,0.5231241776526023,0.1569835212288262,0.36614065642377613,-0.20415955867292912,0.7768338606093361,-0.9809934192822652,0.009810981458761248,0.7533078042196242,-0.7434968227608629
HWM,HWM,Howmet Aerospace,Stock,Large-cap diversifier,Industrials,Blend,US,False,False,False,False,True,Known-universe stock candidate added from S&P 500,S&P 500,1,228.4250030517578,,,,US,USD,0.3387720638570484,-0.0674627234225934,0.0027022691704547963,-0.0701649925930482,-0.1453744163935815,0.02989085947713166,-0.17526527587071317,0.19268747723884339,0.1569835212288262,0.03570395601001719,3.974390797447753,0.7768338606093361,3.1975569368384167,6.449236453264785,0.7533078042196242,5.695928649045161
IBKR,IBKR,Interactive Brokers,Stock,Financial quality,Financials,Blend,US,False,False,False,False,True,Known-universe stock candidate added from S&P 500,S&P 500,1,86.70999908447266,,,,US,USD,0.3942292195852496,-0.10794020718716535,0.0027022691704547963,-0.11064247635762015,-0.06929224956759694,0.02989085947713166,-0.0991831090447286,0.2656520591138227,0.1569835212288262,0.10866853788499653,3.0069987824142324,0.7768338606093361,2.2301649218048962,4.91174965949028,0.7533078042196242,4.158441855270656
ICE,ICE,Intercontinental Exchange,Stock,Financial quality,Financials,Blend,US,False,False,False,False,True,Known-universe stock candidate added from S&P 500,S&P 500,1,152.9949951171875,,,,US,USD,0.2523150205124716,-0.04478070363049225,0.0027022691704547963,-0.04748297280094704,0.2112659177767373,0.02989085947713166,0.18137505829960565,-0.07713176985304604,0.1569835212288262,-0.23411529108187223,0.4546587742828374,0.7768338606093361,-0.3221750863264987,0.39771103747426517,0.7533078042196242,-0.355596766745359
IEX,IEX,IDEX Corporation,Stock,Large-cap diversifier,Industrials,Blend,US,False,False,False,False,True,Known-universe stock candidate added from S&P 500,S&P 500,1,229.78500366210938,,,,US,USD,0.22016100277206235,0.005007891337987624,0.0027022691704547963,0.002305622167532828,0.024790651773330286,0.02989085947713166,-0.005100207703801374,0.4378247691909327,0.1569835212288262,0.2808412479621065,0.15289477898905446,0.7768338606093361,-0.6239390816202817,0.13899315304254967,0.7533078042196242,-0.6143146511770745
IFF,IFF,International Flavors & Fragrances,Stock,Large-cap diversifier,Materials,Blend,US,False,False,False,False,True,Known-universe stock candidate added from S&P 500,S&P 500,1,84.75,,,,US,USD,0.3539143291216886,-0.013655396429506639,0.0027022691704547963,-0.016357665599961435,0.04930540035097897,0.02989085947713166,0.019414540873847308,0.4212060690536108,0.1569835212288262,0.2642225478247846,0.32898710416090915,0.7768338606093361,-0.447846756448427,-0.2656355082671894,0.7533078042196242,-1.0189433124868135
ILMN,ILMN,"Illumina, Inc.",Stock,Defensive large-cap,Health Care,Defensive,US,False,True,False,False,True,Known-universe stock candidate added from S&P 500,S&P 500,1,276.2950134277344,,,,US,USD,0.4922238486071043,0.29333430282556505,0.0027022691704547963,0.29063203365511026,0.5025015734666842,0.02989085947713166,0.47261071398955257,2.007456244339927,0.1569835212288262,1.8504727231111007,1.161412891447351,0.7768338606093361,0.3845790308380148,-0.3464385601491341,0.7533078042196242,-1.0997463643687584
INCY,INCY,Incyte,Stock,Defensive large-cap,Health Care,Defensive,US,False,True,False,False,True,Known-universe stock candidate added from S&P 500,S&P 500,1,122.5999984741211,,,,US,USD,0.3309198067591111,-0.005031672946273713,0.0027022691704547963,-0.007733942116728509,0.07723399616981719,0.02989085947713166,0.04734313669268553,0.46143758929683876,0.1569835212288262,0.30445406806801256,1.086808484665891,0.7768338606093361,0.30997462405655485,0.7617474482803985,0.7533078042196242,0.008439644060774354
INVH,INVH,Invitation Homes,Stock,Large-cap diversifier,Real Estate,Blend,US,False,False,True,False,True,Known-universe stock candidate added from S&P 500,S&P 500,1,26.405000686645508,,,,US,USD,0.20773621763938954,-0.08364905830578306,0.0027022691704547963,-0.08635132747623786,-0.12018235919180831,0.02989085947713166,-0.15007321866893997,-0.04932731022426928,0.1569835212288262,-0.20631083145309548,-0.0828110698762502,0.7768338606093361,-0.8596449304855863,-0.22567371545174097,0.7533078042196242,-0.9789815196713652
IP,IP,International Paper,Stock,Large-cap diversifier,Materials,Blend,US,False,False,False,False,True,Known-universe stock candidate added from S&P 500,S&P 500,1,33.4900016784668,,,,US,USD,0.44216146358137487,-0.11705770079055655,0.0027022691704547963,-0.11975996996101135,-0.11655232125315251,0.02989085947713166,-0.14644318073028417,-0.23721467023221532,0.1569835212288262,-0.3941981914610415,0.0986755252815299,0.7768338606093361,-0.6781583353278062,-0.21100950163806775,0.7533078042196242,-0.9643173058576919
IQV,IQV,IQVIA,Stock,Defensive large-cap,Health Care,Defensive,US,False,True,False,False,True,Known-universe stock candidate added from S&P 500,S&P 500,1,270.6449890136719,,,,US,USD,0.4096865338959114,0.036199649618620766,0.0027022691704547963,0.03349738044816597,0.331914336015511,0.02989085947713166,0.30202347653837935,0.4975928905796567,0.1569835212288262,0.3406093693508305,0.3372448729179376,0.7768338606093361,-0.43958898769139854,0.041944134797581745,0.7533078042196242,-0.7113636694220424
IR,IR,Ingersoll Rand,Stock,Large-cap diversifier,Industrials,Blend,US,False,False,False,False,True,Known-universe stock candidate added from S&P 500,S&P 500,1,76.11000061035156,,,,US,USD,0.3269706980099064,-0.012199901416938386,0.0027022691704547963,-0.014902170587393182,-0.05852133936442505,0.02989085947713166,-0.08841219884155671,-0.07709821158052832,0.1569835212288262,-0.23408173280935451,0.1866945991834128,0.7768338606093361,-0.5901392614259233,0.4471593165027159,0.7533078042196242,-0.3061484877169083
IRM,IRM,Iron Mountain,Stock,Large-cap diversifier,Real Estate,Blend,US,False,False,True,False,True,Known-universe stock candidate added from S&P 500,S&P 500,1,110.25,,,,US,USD,0.3259688626934387,-0.03678672953939133,0.0027022691704547963,-0.039488998709846124,-0.08854269456968233,0.02989085947713166,-0.118433554046814,0.13562103843316597,0.1569835212288262,-0.02136248279566022,0.9765130307556773,0.7768338606093361,0.19967917014634118,1.9754236559626865,0.7533078042196242,1.2221158517430624
IT,IT,Gartner,Stock,Large-cap diversifier,Information Technology,Blend,US,False,False,False,False,True,Known-universe stock candidate added from S&P 500,S&P 500,1,183.50999450683594,,,,US,USD,0.5644765351559247,-0.07369646185722512,0.0027022691704547963,-0.07639873102767991,0.37193482388680477,0.02989085947713166,0.3420439644096731,-0.29740804475085747,0.1569835212288262,-0.45439156597968366,-0.48727335746647227,0.7768338606093361,-1.2641072180758084,-0.42028115121313525,0.7533078042196242,-1.1735889554327594
ITW,ITW,Illinois Tool Works,Stock,Large-cap diversifier,Industrials,Blend,US,False,False,False,False,True,Known-universe stock candidate added from S&P 500,S&P 500,1,263.4200134277344,,,,US,USD,0.21566243684990014,-0.043396092171798295,0.0027022691704547963,-0.04609836134225309,-0.020634226002083866,0.02989085947713166,-0.050525085479215526,0.0332759440575765,0.1569835212288262,-0.1237075771712497,0.20649893156300414,0.7768338606093361,-0.570334929046332,0.3743415083999375,0.7533078042196242,-0.37896629581968666
IVZ,IVZ,Invesco,Stock,Financial quality,Financials,Blend,US,False,False,False,False,True,Known-universe stock candidate added from S&P 500,S&P 500,1,30.375099182128906,,,,US,USD,0.34202361990270524,-0.07336484706298552,0.0027022691704547963,-0.07606711623344031,0.13970412478526728,0.02989085947713166,0.10981326530813562,0.36262480830561716,0.1569835212288262,0.20564128707679097,1.4116802173787777,0.7768338606093361,0.6348463567694416,0.5447142958020257,0.7533078042196242,-0.2085935084175985
J,J,Jacobs Solutions,Stock,Large-cap diversifier,Industrials,Blend,US,False,False,False,False,True,Known-universe stock candidate added from S&P 500,S&P 500,1,137.5500030517578,,,,US,USD,0.33163440497733715,-0.0771553154279816,0.0027022691704547963,-0.07985758459843639,0.10635912966765826,0.02989085947713166,0.0764682701905266,-0.06361687565201335,0.1569835212288262,-0.22060039688083954,0.2927682664126203,0.7768338606093361,-0.4840655941967158,0.3303954706371768,0.7533078042196242,-0.4229123335824474
JBHT,JBHT,J.B. Hunt,Stock,Large-cap diversifier,Industrials,Blend,US,False,False,False,False,True,Known-universe stock candidate added from S&P 500,S&P 500,1,227.75999450683594,,,,US,USD,0.4077296592204151,-0.142049973784105,0.0027022691704547963,-0.1447522429545598,-0.21348588667162183,0.02989085947713166,-0.2433767461487535,0.7034430104986742,0.1569835212288262,0.546459489269848,0.23092717855408718,0.7768338606093361,-0.545906682055249,0.4153102526768284,0.7533078042196242,-0.33799755154279576
JBL,JBL,Jabil,Stock,Large-cap diversifier,Information Technology,Blend,US,False,False,False,False,True,Known-universe stock candidate added from S&P 500,S&P 500,1,296.17999267578125,,,,US,USD,0.46186907540224803,-0.029745190327469584,0.0027022691704547963,-0.03244745949792438,-0.21073162051851568,0.02989085947713166,-0.24062247999564734,0.38232041255855487,0.1569835212288262,0.22533689132972867,1.7651094899453357,0.7768338606093361,0.9882756293359996,3.9833026023992204,0.7533078042196242,3.2299947981795962
JCI,JCI,Johnson Controls,Stock,Large-cap diversifier,Industrials,Blend,US,False,False,False,False,True,Known-universe stock candidate added from S&P 500,S&P 500,1,150.5,,,,US,USD,0.30278803514000974,0.09173421954563898,0.0027022691704547963,0.08903195037518419,0.04227442957502392,0.02989085947713166,0.01238357009789226,0.4035267865846015,0.1569835212288262,0.2465432653557753,1.8555964415815298,0.7768338606093361,1.0787625809721937,1.2744997477176985,0.7533078042196242,0.5211919434980743
JKHY,JKHY,Jack Henry & Associates,Stock,Financial quality,Financials,Blend,US,False,False,False,False,True,Known-universe stock candidate added from S&P 500,S&P 500,1,145.45249938964844,,,,US,USD,0.2903059528661177,-0.13059750464303044,0.0027022691704547963,-0.13329977381348523,0.0250061775375916,0.02989085947713166,-0.004884681939540059,-0.02320433757271112,0.1569835212288262,-0.18018785880153732,0.025932513042940197,0.7768338606093361,-0.7509013475663959,-0.08033425428143426,0.7533078042196242,-0.8336420585010584
JNJ,JNJ,Johnson & Johnson,Stock,Defensive compounder,Health Care,Defensive,US,False,True,True,False,True,Diversified healthcare franchise,Curated stock list,1,267.31500244140625,,,,US,USD,0.18951528965270414,0.0055106123914105964,0.0027022691704547963,0.0028083432209558,0.057695021084462006,0.02989085947713166,0.027804161607330347,0.5050058744069323,0.1569835212288262,0.34802235317810615,0.8164475870481822,0.7768338606093361,0.039613726438846086,0.875023987990432,0.7533078042196242,0.12171618377080784
JPM,JPM,JPMorgan Chase & Co.,Stock,Financial quality,Financial Services,Quality,US,False,False,True,False,True,Large-cap financial with broad earnings base,Curated stock list,1,334.30499267578125,,,,US,USD,0.22488019386926383,-0.060993755991202825,0.0027022691704547963,-0.06369602516165762,0.005211460422934522,0.02989085947713166,-0.024679399054197138,0.07922477921198157,0.1569835212288262,-0.07775874201684463,1.4384637986991304,0.7768338606093361,0.6616299380897943,1.4299661275617832,0.7533078042196242,0.676658323342159
KEY,KEY,KeyCorp,Stock,Financial quality,Financials,Blend,US,False,False,False,False,True,Known-universe stock candidate added from S&P 500,S&P 500,1,20.15999984741211,,,,US,USD,0.23939461980022284,-0.05816401771994095,0.0027022691704547963,-0.06086628689039575,-0.12459885075939658,0.02989085947713166,-0.15448971023652824,0.1117207373363982,0.1569835212288262,-0.045262783892427993,1.1928337163313802,0.7768338606093361,0.4159998557220441,0.2663208708170475,0.7533078042196242,-0.4869869334025767
KEYS,KEYS,Keysight Technologies,Stock,Large-cap diversifier,Information Technology,Blend,US,False,False,False,False,True,Known-universe stock candidate added from S&P 500,S&P 500,1,361.2749938964844,,,,US,USD,0.44642585263704837,0.11953820957622074,0.0027022691704547963,0.11683594040576595,0.07650472981531875,0.02989085947713166,0.04661387033818709,1.0849203395749836,0.1569835212288262,0.9279368183461574,1.7622525609135349,0.7768338606093361,0.9854187003041988,1.0443356235907508,0.7533078042196242,0.29102781937112665
KIM,KIM,Kimco Realty,Stock,Large-cap diversifier,Real Estate,Blend,US,False,False,True,False,True,Known-universe stock candidate added from S&P 500,S&P 500,1,22.264999389648438,,,,US,USD,0.1776515881712286,-0.049822243653338205,0.0027022691704547963,-0.052524512823793,-0.10172591882417104,0.02989085947713166,-0.1316167783013027,0.0765082291524879,0.1569835212288262,-0.0804752920763383,0.45168346526539915,0.7768338606093361,-0.32515039534393697,0.2752023010567448,0.7533078042196242,-0.47810550316287936
KKR,KKR,KKR & Co.,Stock,Financial quality,Financials,Blend,US,False,False,False,False,True,Known-universe stock candidate added from S&P 500,S&P 500,1,92.48999786376953,,,,US,USD,0.3845614591671837,-0.15703612071854822,0.0027022691704547963,-0.15973838988900302,0.0011426199641539903,0.02989085947713166,-0.02874823951297767,-0.3072541332980109,0.1569835212288262,-0.4642376545268371,0.4849067205941662,0.7768338606093361,-0.29192714001516995,0.5165851276728379,0.7533078042196242,-0.23672267654678625
KMB,KMB,Kimberly-Clark,Stock,Large-cap diversifier,Consumer Staples,Blend,US,False,False,False,False,True,Known-universe stock candidate added from S&P 500,S&P 500,1,98.83999633789062,,,,US,USD,0.27545187874786686,-0.07340397455199565,0.0027022691704547963,-0.07610624372245045,-0.10242250857520863,0.02989085947713166,-0.13231336805234029,-0.15294392412456614,0.1569835212288262,-0.30992744535339234,-0.09426576809777476,0.7768338606093361,-0.8710996287071109,-0.0996295355485678,0.7533078042196242,-0.852937339768192
KMI,KMI,Kinder Morgan,Stock,Large-cap diversifier,Energy,Blend,US,False,False,False,False,True,Known-universe stock candidate added from S&P 500,S&P 500,1,30.334999084472656,,,,US,USD,0.20722936398384909,-0.05908816671267414,0.0027022691704547963,-0.061790435883128936,-0.0347244332958454,0.02989085947713166,-0.06461529277297706,0.1122478787128165,0.1569835212288262,-0.0447356425160097,1.0951149062454326,0.7768338606093361,0.3182810456360965,1.4647289445729985,0.7533078042196242,0.7114211403533743
KR,KR,Kroger,Stock,Large-cap diversifier,Consumer Staples,Blend,US,False,False,False,False,True,Known-universe stock candidate added from S&P 500,S&P 500,1,60.150001525878906,,,,US,USD,0.28880743625012767,0.045359759625016816,0.0027022691704547963,0.04265749045456202,0.07686181168914197,0.02989085947713166,0.04697095221201031,-0.07401116333676727,0.1569835212288262,-0.23099468456559347,0.4070414348287854,0.7768338606093361,-0.3697924257805507,0.6718693936892928,0.7533078042196242,-0.0814384105303314
KVUE,KVUE,Kenvue,Stock,Large-cap diversifier,Consumer Staples,Blend,US,False,False,False,False,True,Known-universe stock candidate added from S&P 500,S&P 500,1,17.889999389648438,,,,US,USD,0.2928808708316821,-0.04113029018460945,0.0027022691704547963,-0.04383255935506425,-0.05301341156239914,0.02989085947713166,-0.0829042710395308,0.16123755736694378,0.1569835212288262,0.0042540361381175895,-0.015524764671412172,0.7768338606093361,-0.7923586252807483,,,
L,L,Loews Corporation,Stock,Financial quality,Financials,Blend,US,False,False,False,False,True,Known-universe stock candidate added from S&P 500,S&P 500,1,105.4800033569336,,,,US,USD,0.16076577704980924,-0.02594881831043394,0.0027022691704547963,-0.028651087480888737,-0.07519165952542939,0.02989085947713166,-0.10508251900256105,0.06072737542405582,0.1569835212288262,-0.09625614580477038,0.6445691353110943,0.7768338606093361,-0.13226472529824185,1.0486015311307093,0.7533078042196242,0.29529372691108513
LDOS,LDOS,Leidos,Stock,Large-cap diversifier,Industrials,Blend,US,False,False,False,False,True,Known-universe stock candidate added from S&P 500,S&P 500,1,122.94000244140625,,,,US,USD,0.3446278921079804,-0.12032472338582456,0.0027022691704547963,-0.12302699255627936,0.1966555117880726,0.02989085947713166,0.16676465231094095,-0.32997296771810314,0.1569835212288262,-0.48695648894692933,0.3915680468390603,0.7768338606093361,-0.3852658137702758,0.4214074799025638,0.7533078042196242,-0.3319003243170604
LEN,LEN,Lennar,Stock,Large-cap diversifier,Consumer Discretionary,Blend,US,False,False,False,False,True,Known-universe stock candidate added from S&P 500,S&P 500,1,81.58000183105469,,,,US,USD,0.37295511970670225,-0.03007964285979925,0.0027022691704547963,-0.032781912030254046,-0.05735732384207115,0.02989085947713166,-0.08724818331920281,-0.34819336214902963,0.1569835212288262,-0.5051768833778558,-0.21748155297161653,0.7768338606093361,-0.9943154135809527,-0.06920214832435378,0.7533078042196242,-0.822509952543978
LH,LH,Labcorp,Stock,Defensive large-cap,Health Care,Defensive,US,False,True,False,False,True,Known-universe stock candidate added from S&P 500,S&P 500,1,308.45001220703125,,,,US,USD,0.24016154041224638,-0.07277698307148694,0.0027022691704547963,-0.07547925224194174,0.08888022004078966,0.02989085947713166,0.058989360563658,0.10192737452703082,0.1569835212288262,-0.05505614670179537,0.5325545535177425,0.7768338606093361,-0.24427930709159362,0.29908192875549156,0.7533078042196242,-0.4542258754641326
LHX,LHX,L3Harris,Stock,Large-cap diversifier,Industrials,Blend,US,False,False,False,False,True,Known-universe stock candidate added from S&P 500,S&P 500,1,236.64500427246094,,,,US,USD,0.2854510595249177,-0.10693395669039685,0.0027022691704547963,-0.10963622586085164,-0.18632981015685934,0.02989085947713166,-0.216220669633991,-0.1898591026331098,0.1569835212288262,-0.346842623861936,0.4393583793559366,0.7768338606093361,-0.33747548125339955,0.1738458611036935,0.7533078042196242,-0.5794619431159307
LII,LII,Lennox International,Stock,Large-cap diversifier,Industrials,Blend,US,False,False,False,False,True,Known-universe stock candidate added from S&P 500,S&P 500,1,356.7200012207031,,,,US,USD,0.40707172823066823,-0.06773994468808808,0.0027022691704547963,-0.07044221385854288,-0.3753589855262208,0.02989085947713166,-0.4052498450033525,-0.30765152503228377,0.1569835212288262,-0.46463504626110996,-0.03721288432923875,0.7768338606093361,-0.8140467449385749,0.23857462949254793,0.7533078042196242,-0.5147331747270762
LMT,LMT,Lockheed Martin,Stock,Large-cap diversifier,Industrials,Blend,US,False,False,False,False,True,Known-universe stock candidate added from S&P 500,S&P 500,1,508.56500244140625,,,,US,USD,0.2829007791688623,-0.08823365595879573,0.0027022691704547963,-0.09093592512925053,-0.019373320498913604,0.02989085947713166,-0.049264179976045264,0.06042119534351964,0.1569835212288262,-0.09656232588530655,0.334202430804192,0.7768338606093361,-0.44263142980514414,0.7011873745520829,0.7533078042196242,-0.05212042966754127
LNT,LNT,Alliant Energy,Stock,Defensive large-cap,Utilities,Defensive,US,False,True,True,False,True,Known-universe stock candidate added from S&P 500,S&P 500,1,64.44000244140625,,,,US,USD,0.1653830267797188,-0.052074150348894954,0.0027022691704547963,-0.05477641951934975,-0.1432903376577851,0.02989085947713166,-0.17318119713491675,-0.0050323948639415805,0.1569835212288262,-0.16201591609276778,0.3962356941624454,0.7768338606093361,-0.3805981664468907,0.32060708074284583,0.7533078042196242,-0.43270072347677835
LOW,LOW,Lowe's,Stock,Large-cap diversifier,Consumer Discretionary,Blend,US,False,False,False,False,True,Known-universe stock candidate added from S&P 500,S&P 500,1,186.52000427246094,,,,US,USD,0.2718396388777777,-0.08881286246612896,0.0027022691704547963,-0.09151513163658376,-0.15432257459276466,0.02989085947713166,-0.18421343406989632,-0.24857178985515127,0.1569835212288262,-0.40555531108397747,-0.06800629503801048,0.7768338606093361,-0.8448401556473466,-0.01629199797879055,0.7533078042196242,-0.7695998021984147
LULU,LULU,Lululemon Athletica,Stock,Large-cap diversifier,Consumer Discretionary,Blend,US,False,False,False,False,True,Known-universe stock candidate added from S&P 500,S&P 500,1,97.18499755859375,,,,US,USD,0.4486946780507934,-0.19187597012926516,0.0027022691704547963,-0.19457823929971996,-0.165077351506848,0.02989085947713166,-0.19496821098397965,-0.4574004956316381,0.1569835212288262,-0.6143840168604643,-0.7471313689952734,0.7768338606093361,-1.5239652296046096,-0.7746068945465416,0.7533078042196242,-1.5279146987661658
LUV,LUV,Southwest Airlines,Stock,Large-cap diversifier,Industrials,Blend,US,False,False,False,False,True,Known-universe stock candidate added from S&P 500,S&P 500,1,41.61000061035156,,,,US,USD,0.44103646397167806,0.08499600132095675,0.0027022691704547963,0.08229373215050195,-0.1716882602480665,0.02989085947713166,-0.20157911972519815,0.2928146451353455,0.1569835212288262,0.1358311239065193,0.6130667162760763,0.7768338606093361,-0.16376714433325978,-0.1051606899208577,0.7533078042196242,-0.8584684941404819
LVS,LVS,Las Vegas Sands,Stock,Large-cap diversifier,Consumer Discretionary,Blend,US,False,False,False,False,True,Known-universe stock candidate added from S&P 500,S&P 500,1,38.36000061035156,,,,US,USD,0.3481616691123231,-0.12440083524539836,0.0027022691704547963,-0.12710310441585315,-0.1652982469829164,0.02989085947713166,-0.19518910646004806,-0.2906626735490948,0.1569835212288262,-0.447646194777921,-0.10150609964055224,0.7768338606093361,-0.8783399602498884,0.1317503438859211,0.7533078042196242,-0.6215574603337031
LYB,LYB,LyondellBasell,Stock,Large-cap diversifier,Materials,Blend,US,False,False,False,False,True,Known-universe stock candidate added from S&P 500,S&P 500,1,58.224998474121094,,,,US,USD,0.4312665971982743,-0.1053319478190694,0.0027022691704547963,-0.1080342169895242,0.1187916230047199,0.02989085947713166,0.08890076352758824,0.26108394001823454,0.1569835212288262,0.10410041878940834,-0.2565186055764317,0.7768338606093361,-1.0333524661857678,-0.10062979873592437,0.7533078042196242,-0.8539376029555485
LYV,LYV,Live Nation Entertainment,Stock,Quality growth,Communication Services,Growth,US,False,False,False,True,True,Known-universe stock candidate added from S&P 500,S&P 500,1,170.8300018310547,,,,US,USD,0.31060704371589987,-0.05036409800063124,0.0027022691704547963,-0.05306636717108604,-0.07147512882845453,0.02989085947713166,-0.10136598830558619,0.039364816236777456,0.1569835212288262,-0.11761870499204874,1.1455663895764956,0.7768338606093361,0.36873252896715947,0.9342165129226758,0.7533078042196242,0.18090870870305165
MAA,MAA,Mid-America Apartment Communities,Stock,Large-cap diversifier,Real Estate,Blend,US,False,False,True,False,True,Known-universe stock candidate added from S&P 500,S&P 500,1,118.37989807128906,,,,US,USD,0.18857497585163363,-0.08125811048712783,0.0027022691704547963,-0.08396037965758263,-0.1442728181101931,0.02989085947713166,-0.17416367758732476,-0.10540822395602356,0.1569835212288262,-0.26239174518484976,0.03228202780416578,0.7768338606093361,-0.7445518328051703,-0.2493159981917349,0.7533078042196242,-1.002623802411359
MAS,MAS,Masco,Stock,Large-cap diversifier,Industrials,Blend,US,False,False,False,False,True,Known-universe stock candidate added from S&P 500,S&P 500,1,67.93000030517578,,,,US,USD,0.3525257862417043,-0.058619777470365286,0.0027022691704547963,-0.06132204664082008,-0.16428342942873264,0.02989085947713166,-0.1941742889058643,-0.01208623434838807,0.1569835212288262,-0.16906975557721426,0.3437685421986201,0.7768338606093361,-0.43306531841071605,0.32001657188633903,0.7533078042196242,-0.43329123233328515
MCK,MCK,McKesson Corporation,Stock,Defensive large-cap,Health Care,Defensive,US,False,True,False,False,True,Known-universe stock candidate added from S&P 500,S&P 500,1,859.02001953125,,,,US,USD,0.30436661463636416,-0.028675439530004843,0.0027022691704547963,-0.03137770870045964,0.1196170345667098,0.02989085947713166,0.08972617508957814,0.13202856561211784,0.1569835212288262,-0.024954955616708352,0.9499290156977347,0.7768338606093361,0.17309515508839857,3.350060970064205,0.7533078042196242,2.596753165844581
MCO,MCO,Moody's Corporation,Stock,Financial quality,Financials,Blend,US,False,False,False,False,True,Known-universe stock candidate added from S&P 500,S&P 500,1,455.760009765625,,,,US,USD,0.2780572692862216,-0.09686113558962473,0.0027022691704547963,-0.09956340476007952,-0.02488758128198143,0.02989085947713166,-0.05477844075911309,-0.043897683403492205,0.1569835212288262,-0.2008812046323184,0.4465949572206567,0.7768338606093361,-0.33023890338867945,0.28410091146365124,0.7533078042196242,-0.46920689275597294
MDT,MDT,Medtronic,Stock,Defensive large-cap,Health Care,Defensive,US,False,True,False,False,True,Known-universe stock candidate added from S&P 500,S&P 500,1,86.5,,,,US,USD,0.23754759457455163,-0.03795461086884511,0.0027022691704547963,-0.0406568800392999,0.10112905827703655,0.02989085947713166,0.0712381987999049,-0.048983315455557785,0.1569835212288262,-0.20596683668438398,0.19333262813661234,0.7768338606093361,-0.5835012324727238,-0.2087597105127218,0.7533078042196242,-0.962067514732346
MELI,MELI,Mercado Libre,Stock,Large-cap diversifier,Consumer Discretionary,Blend,US,False,False,False,False,True,Known-universe stock candidate added from Nasdaq-100,Nasdaq-100,1,1709.8399658203125,,,,US,USD,0.41433588697161927,-0.11690940556762197,0.0027022691704547963,-0.11961167473807677,-0.01856856983104005,0.02989085947713166,-0.04845942930817171,-0.3164222244476186,0.1569835212288262,-0.4734057456764448,0.32491296366958,0.7768338606093361,-0.4519208969397561,-0.09026386163030686,0.7533078042196242,-0.843571665849931
MET,MET,MetLife,Stock,Financial quality,Financials,Blend,US,False,False,False,False,True,Known-universe stock candidate added from S&P 500,S&P 500,1,95.03500366210938,,,,US,USD,0.23562644214853726,-0.0014184565454786746,0.0027022691704547963,-0.004120725715933471,0.09660304193006763,0.02989085947713166,0.06671218245293598,0.19103161824043946,0.1569835212288262,0.034048097011613265,0.5967981042135191,0.7768338606093361,-0.18003575639581704,0.8582411790654305,0.7533078042196242,0.10493337484580634
MGM,MGM,MGM Resorts,Stock,Large-cap diversifier,Consumer Discretionary,Blend,US,False,False,False,False,True,Known-universe stock candidate added from S&P 500,S&P 500,1,31.309999465942383,,,,US,USD,0.3940005069720486,-0.24298841866781473,0.0027022691704547963,-0.24569068783826953,-0.34111954620515894,0.02989085947713166,-0.3710104056822906,-0.14289623563614495,0.1569835212288262,-0.29987975686497115,-0.15056975183148935,0.7768338606093361,-0.9274036124408255,-0.2719033022246804,0.7533078042196242,-1.0252111064443046
MKC,MKC,McCormick & Company,Stock,Large-cap diversifier,Consumer Staples,Blend,US,False,False,False,False,True,Known-universe stock candidate added from S&P 500,S&P 500,1,47.1150016784668,,,,US,USD,0.29846271759564097,-0.13104019517290943,0.0027022691704547963,-0.13374246434336423,-0.1014563259008543,0.02989085947713166,-0.13134718537798595,-0.27190221174415485,0.1569835212288262,-0.42888573297298105,-0.3256054167728236,0.7768338606093361,-1.1024392773821599,-0.38145251234374067,0.7533078042196242,-1.1347603165633648
MLM,MLM,Martin Marietta Materials,Stock,Large-cap diversifier,Materials,Blend,US,False,False,False,False,True,Known-universe stock candidate added from S&P 500,S&P 500,1,479.07501220703125,,,,US,USD,0.2836167097898284,-0.07489470946128629,0.0027022691704547963,-0.07759697863174109,-0.17158325381621486,0.02989085947713166,-0.20147411329334652,-0.2245156387375985,0.1569835212288262,-0.3814991599664247,0.18805893429463838,0.7768338606093361,-0.5887749263146977,0.41040884645033304,0.7533078042196242,-0.34289895776929114
MOS,MOS,Mosaic Company (The),Stock,Large-cap diversifier,Materials,Blend,US,False,False,False,False,True,Known-universe stock candidate added from S&P 500,S&P 500,1,22.360000610351562,,,,US,USD,0.44863549526064234,-0.06512135356553328,0.0027022691704547963,-0.06782362273598808,0.058651397675805184,0.02989085947713166,0.028760538198673524,-0.3319526089058549,0.1569835212288262,-0.48893613013468107,-0.32022422068120915,0.7768338606093361,-1.0970580812905453,-0.23576723152880974,0.7533078042196242,-0.9890750357484339
MPC,MPC,Marathon Petroleum,Stock,Large-cap diversifier,Energy,Blend,US,False,False,False,False,True,Known-universe stock candidate added from S&P 500,S&P 500,1,396.7300109863281,,,,US,USD,0.34898076478215917,0.0627076052791844,0.0027022691704547963,0.0600053361087296,0.5019304354657583,0.02989085947713166,0.47203957598862667,1.0530186920330382,0.1569835212288262,0.896035170804212,1.7296404237225858,0.7768338606093361,0.9528065631132496,6.402359122960409,0.7533078042196242,5.649051318740785
MRNA,MRNA,Moderna,Stock,Defensive large-cap,Health Care,Defensive,US,False,True,False,False,True,Known-universe stock candidate added from S&P 500,S&P 500,1,189.2899932861328,,,,US,USD,1.9262249116874628,0.3487957690292891,0.0027022691704547963,0.3460934998588343,1.6108964591190733,0.02989085947713166,1.5810055996419417,6.472956725474701,0.1569835212288262,6.315973204245875,0.9281857677166792,0.7768338606093361,0.15135190710734303,-0.5704982919725932,0.7533078042196242,-1.3238060961922173
MRSH,MRSH,Marsh McLennan,Stock,Financial quality,Financials,Blend,US,False,False,False,False,True,Known-universe stock candidate added from S&P 500,S&P 500,1,170.5749969482422,,,,US,USD,0.2629501074456864,-0.1012908629841962,0.0027022691704547963,-0.103993132154651,-0.0034857664166556557,0.02989085947713166,-0.033376625893787315,-0.13061829068564623,0.1569835212288262,-0.2876018119144724,-0.08236108328120095,0.7768338606093361,-0.8591949438905371,0.17403017139525212,0.7533078042196242,-0.5792776328243721
MS,MS,Morgan Stanley,Stock,Financial quality,Financials,Blend,US,False,False,False,False,True,Known-universe stock candidate added from S&P 500,S&P 500,1,191.08999633789062,,,,US,USD,0.2844447153174942,-0.10420968602603409,0.0027022691704547963,-0.10691195519648888,-0.09307137769676455,0.02989085947713166,-0.1229622371738962,0.21259549597875993,0.1569835212288262,0.055611974749933735,1.5229527672396825,0.7768338606093361,0.7461189066303464,1.222952677953249,0.7533078042196242,0.46964487373362473
MSCI,MSCI,MSCI,Stock,Financial quality,Financials,Blend,US,False,False,False,False,True,Known-universe stock candidate added from S&P 500,S&P 500,1,545.0900268554688,,,,US,USD,0.29954612494031685,-0.044774265976965766,0.0027022691704547963,-0.04747653514742056,-0.06011809938479251,0.02989085947713166,-0.09000895886192417,-0.028098634098861375,0.1569835212288262,-0.18508215532768757,0.09544338370413663,0.7768338606093361,-0.6813904769051995,-0.10531962233855086,0.7533078042196242,-0.858627426558175
MSFT,MSFT,Microsoft Corporation,Stock,Quality growth,Technology,Quality Growth,US,False,False,False,True,True,High-quality large-cap growth if portfolio still needs selective growth,Curated stock list,1,518.27001953125,,,,US,USD,0.32742035595292285,0.021644445586110672,0.0027022691704547963,0.018942176415655876,0.3512169820455655,0.02989085947713166,0.32132612256843385,0.015418236565388987,0.1569835212288262,-0.1415652846634372,0.6703680447690494,0.7768338606093361,-0.10646581584028669,0.8086211220739001,0.7533078042196242,0.055313317854275956
MSTR,MSTR,MicroStrategy,Stock,Quality growth,Technology,Growth,US,False,False,False,True,True,Known-universe stock candidate added from Nasdaq-100,Nasdaq-100,1,153.33999633789062,,,,US,USD,0.8161466672750225,0.15345263669207276,0.0027022691704547963,0.15075036752161797,0.6419316558522987,0.02989085947713166,0.6120407963751671,-0.5302371483670123,0.1569835212288262,-0.6872206695958385,3.680708308739441,0.7768338606093361,2.903874448130105,1.5573289318720156,0.7533078042196242,0.8040211276523914
MTB,MTB,M&T Bank,Stock,Financial quality,Financials,Blend,US,False,False,False,False,True,Known-universe stock candidate added from S&P 500,S&P 500,1,218.0800018310547,,,,US,USD,0.21853746116709427,-0.061779385903988016,0.0027022691704547963,-0.06448165507444281,-0.09284010266100451,0.02989085947713166,-0.12273096213813617,0.1312604402674229,0.1569835212288262,-0.0257230809614033,0.9052134356683625,0.7768338606093361,0.12837957505902642,0.8695688402991291,0.7533078042196242,0.11626103607950489
MTD,MTD,Mettler Toledo,Stock,Defensive large-cap,Health Care,Defensive,US,False,True,False,False,True,Known-universe stock candidate added from S&P 500,S&P 500,1,1524.6099853515625,,,,US,USD,0.3233763668542208,0.08502353463545487,0.0027022691704547963,0.08232126546500007,0.17243419587104247,0.02989085947713166,0.1425433363939108,0.27972233757847764,0.1569835212288262,0.12273881634965145,0.35831179886083087,0.7768338606093361,-0.41852206174850526,-0.011777468984734973,0.7533078042196242,-0.7650852732043592
NBIS,NBIS,Nebius Group,Stock,Quality growth,Technology,Growth,US,False,False,False,True,True,Known-universe stock candidate added from Nasdaq-100,Nasdaq-100,1,239.16000366210938,,,,US,USD,1.0881233512056891,0.15917019761580686,0.0027022691704547963,0.15646792844535207,0.04354660662044241,0.02989085947713166,0.013655747143310748,1.1698421431081139,0.1569835212288262,1.0128586218792877,,,,,,
NCLH,NCLH,Norwegian Cruise Line Holdings,Stock,Large-cap diversifier,Consumer Discretionary,Blend,US,False,False,False,False,True,Known-universe stock candidate added from S&P 500,S&P 500,1,14.850099563598633,,,,US,USD,0.5405098111714549,-0.07991944701541287,0.0027022691704547963,-0.08262171618586767,-0.28156267494986864,0.02989085947713166,-0.3114535344270003,-0.399995977228338,0.1569835212288262,-0.5569794984571642,-0.02173259123484106,0.7768338606093361,-0.7985664518441772,-0.4290619210718464,0.7533078042196242,-1.1823697252914704
NDAQ,NDAQ,"Nasdaq, Inc.",Stock,Financial quality,Financials,Blend,US,False,False,False,False,True,Known-universe stock candidate added from S&P 500,S&P 500,1,92.44999694824219,,,,US,USD,0.2766477232519104,-0.05929893211663928,0.0027022691704547963,-0.062001201287094077,0.1212683050596679,0.02989085947713166,0.09137744558253624,0.05591448539922883,0.1569835212288262,-0.10106903582959736,0.9789487746221208,0.7768338606093361,0.2021149140127847,0.5275439577104399,0.7533078042196242,-0.22576384650918424
NDSN,NDSN,Nordson Corporation,Stock,Large-cap diversifier,Industrials,Blend,US,False,False,False,False,True,Known-universe stock candidate added from S&P 500,S&P 500,1,329.4200134277344,,,,US,USD,0.21963941238394058,0.0270089422481552,0.0027022691704547963,0.024306673077700403,0.11760686879136628,0.02989085947713166,0.08771600931423462,0.4669944643372239,0.1569835212288262,0.3100109431083977,0.5257897046421136,0.7768338606093361,-0.2510441559672225,0.44622717593051897,0.7533078042196242,-0.3070806282891052
NEM,NEM,Newmont,Stock,Large-cap diversifier,Materials,Blend,US,False,False,False,False,True,Known-universe stock candidate added from S&P 500,S&P 500,1,117.19499969482422,,,,US,USD,0.5007348548023958,-0.0683883519122167,0.0027022691704547963,-0.0710906210826715,0.25872409599320334,0.02989085947713166,0.22883323651607168,0.399269092652103,0.1569835212288262,0.24228557142327678,2.067367643119437,0.7768338606093361,1.290533782510101,1.4608451484923282,0.7533078042196242,0.707537344272704
NI,NI,NiSource,Stock,Defensive large-cap,Utilities,Defensive,US,False,True,True,False,True,Known-universe stock candidate added from S&P 500,S&P 500,1,39.33000183105469,,,,US,USD,0.17538941516016032,-0.03885621722967947,0.0027022691704547963,-0.041558486400134265,-0.15524750090230122,0.02989085947713166,-0.18513836037943288,-0.0654167755943098,0.1569835212288262,-0.222400296823136,0.6171211386403548,0.7768338606093361,-0.15971272196898134,0.9175138606594215,0.7533078042196242,0.16420605643979735
NOC,NOC,Northrop Grumman,Stock,Large-cap diversifier,Industrials,Blend,US,False,False,False,False,True,Known-universe stock candidate added from S&P 500,S&P 500,1,482.1050109863281,,,,US,USD,0.27557376809800344,-0.10671669430796571,0.0027022691704547963,-0.1094189634784205,-0.06856891619192873,0.02989085947713166,-0.09845977566906039,-0.1751294615518928,0.1569835212288262,-0.332112982780719,0.1909233279477387,0.7768338606093361,-0.5859105326615974,0.5002365603161381,0.7533078042196242,-0.2530712439034861
NOW,NOW,ServiceNow,Stock,Large-cap diversifier,Information Technology,Blend,US,False,False,False,False,True,Known-universe stock candidate added from S&P 500,S&P 500,1,133.9199981689453,,,,US,USD,0.5740785937328663,-0.09507403744821585,0.0027022691704547963,-0.09777630661867065,0.2657844452370297,0.02989085947713166,0.23589358575989805,-0.2883031329537057,0.1569835212288262,-0.4452866541825319,0.1968255676073385,0.7768338606093361,-0.5800082930019976,0.010488186844121339,0.7533078042196242,-0.7428196173755028
NRG,NRG,NRG Energy,Stock,Defensive large-cap,Utilities,Defensive,US,False,True,True,False,True,Known-universe stock candidate added from S&P 500,S&P 500,1,95.4927978515625,,,,US,USD,0.4840544044468566,-0.13282968153098362,0.0027022691704547963,-0.13553195070143842,-0.31937664970423596,0.02989085947713166,-0.3492675091813676,-0.4153088497771187,0.1569835212288262,-0.5722923710059449,1.5752311476172114,0.7768338606093361,0.7983972870078753,1.5817818630514715,0.7533078042196242,0.8284740588318473
NSC,NSC,Norfolk Southern,Stock,Large-cap diversifier,Industrials,Blend,US,False,False,False,False,True,Known-universe stock candidate added from S&P 500,S&P 500,1,313.0950012207031,,,,US,USD,0.2053819704345945,-0.08662740040256245,0.0027022691704547963,-0.08932966957301725,-0.01459564889032361,0.02989085947713166,-0.04448650836745527,0.06339216343128085,0.1569835212288262,-0.09359135779754535,0.6443900989078615,0.7768338606093361,-0.13244376170147465,0.4517118021183013,0.7533078042196242,-0.30159600210132287
NTAP,NTAP,NetApp,Stock,Large-cap diversifier,Information Technology,Blend,US,False,False,False,False,True,Known-universe stock candidate added from S&P 500,S&P 500,1,210.22000122070312,,,,US,USD,0.4440297246098177,0.1345458947481979,0.0027022691704547963,0.1318436255777431,0.34837245205205547,0.02989085947713166,0.3184815925749238,0.8039894326930626,0.1569835212288262,0.6470059114642364,1.951737820473335,0.7768338606093361,1.174903959863999,1.617842629726594,0.7533078042196242,0.8645348255069698
NTRS,NTRS,Northern Trust,Stock,Financial quality,Financials,Blend,US,False,False,False,False,True,Known-universe stock candidate added from S&P 500,S&P 500,1,171.2550048828125,,,,US,USD,0.25045839990036073,-0.07273783292313052,0.0027022691704547963,-0.07544010209358532,-0.020143711035772727,0.02989085947713166,-0.050034570512904386,0.3060583269805255,0.1569835212288262,0.1490748057516993,1.6936018014836405,0.7768338606093361,0.9167679408743044,0.8660436416768338,0.7533078042196242,0.11273583745720961
NUE,NUE,Nucor,Stock,Large-cap diversifier,Materials,Blend,US,False,False,False,False,True,Known-universe stock candidate added from S&P 500,S&P 500,1,237.9199981689453,,,,US,USD,0.3199388850241302,-0.04694760955519017,0.0027022691704547963,-0.04964987872564497,0.08629345962833956,0.02989085947713166,0.056402600151207904,0.771812429064209,0.1569835212288262,0.6148289078353828,0.599799085346866,0.7768338606093361,-0.17703477526247013,1.6371444677525662,0.7533078042196242,0.883836663532942
NVR,NVR,"NVR, Inc.",Stock,Large-cap diversifier,Consumer Discretionary,Blend,US,False,False,False,False,True,Known-universe stock candidate added from S&P 500,S&P 500,1,6193.419921875,,,,US,USD,0.2716796676035156,-0.01928830129234793,0.0027022691704547963,-0.021990570462802728,-0.06777970506290476,0.02989085947713166,-0.09767056454003642,-0.2349212222056214,0.1569835212288262,-0.3919047434344476,0.03827772659019302,0.7768338606093361,-0.7385561340191431,0.2343759640426799,0.7533078042196242,-0.5189318401769443
NWS,NWS,News Corp (Class B),Stock,Quality growth,Communication Services,Growth,US,False,False,False,True,True,Known-universe stock candidate added from S&P 500,S&P 500,1,31.75,,,,US,USD,0.2754747707724024,-0.07452721292328224,0.0027022691704547963,-0.07722948209373703,0.0887356341084593,0.02989085947713166,0.058844774631327645,-0.07246242435474404,0.1569835212288262,-0.22944594558357023,0.5836784538347835,0.7768338606093361,-0.19315540677455267,0.4690557546226848,0.7533078042196242,-0.2842520495969394
NWSA,NWSA,News Corp (Class A),Stock,Quality growth,Communication Services,Growth,US,False,False,False,True,True,Known-universe stock candidate added from S&P 500,S&P 500,1,28.71500015258789,,,,US,USD,0.2695050562045793,-0.06181633949008192,0.0027022691704547963,-0.06451860866053671,0.11759574529210148,0.02989085947713166,0.08770488581496982,-0.06761134292770166,0.1569835212288262,-0.22459486415652785,0.4836084402585896,0.7768338606093361,-0.2932254203507465,0.2977009683109517,0.7533078042196242,-0.45560683590867246
O,O,Realty Income,Stock,Large-cap diversifier,Real Estate,Blend,US,False,False,True,False,True,Known-universe stock candidate added from S&P 500,S&P 500,1,54.56999969482422,,,,US,USD,0.16500433083806937,-0.1094973762750725,0.0027022691704547963,-0.1121996454455273,-0.10965455946404501,0.02989085947713166,-0.13954541894117667,-0.04955367844543812,0.1569835212288262,-0.20653719967426432,0.25961487577093667,0.7768338606093361,-0.5172189848383995,0.07605533578404278,0.7533078042196242,-0.6772524684355814
OKE,OKE,Oneok,Stock,Large-cap diversifier,Energy,Blend,US,False,False,False,False,True,Known-universe stock candidate added from S&P 500,S&P 500,1,86.7300033569336,,,,US,USD,0.26829330328120654,-0.09665658340606331,0.0027022691704547963,-0.09935885257651811,0.023726896774810546,0.02989085947713166,-0.006163962702321113,0.2508619852062597,0.1569835212288262,0.09387846397743349,0.5172998172960332,0.7768338606093361,-0.2595340433133029,1.0719749457417467,0.7533078042196242,0.3186671415221225
OMC,OMC,Omnicom Group,Stock,Quality growth,Communication Services,Growth,US,False,False,False,True,True,Known-universe stock candidate added from S&P 500,S&P 500,1,74.23999786376953,,,,US,USD,0.36153059745438315,-0.14311222598314433,0.0027022691704547963,-0.14581449515359912,-0.014539683857831776,0.02989085947713166,-0.044430543334963435,-0.022885528676197087,0.1569835212288262,-0.17986904990502328,0.10933286364343697,0.7768338606093361,-0.6675009969658992,0.22523552402797753,0.7533078042196242,-0.5280722801916466
ON,ON,ON Semiconductor,Stock,Large-cap diversifier,Information Technology,Blend,US,False,False,False,False,True,Known-universe stock candidate added from S&P 500,S&P 500,1,75.78500366210938,,,,US,USD,0.6322128006666121,0.02287768130650991,0.0027022691704547963,0.020175412136055115,-0.1991439727176778,0.02989085947713166,-0.22903483219480947,0.5230105751292615,0.1569835212288262,0.36602705390043533,-0.19770268476990782,0.7768338606093361,-0.974536545379244,0.5593622642285465,0.7533078042196242,-0.19394553999107766
ORCL,ORCL,Oracle Corporation,Stock,Large-cap diversifier,Information Technology,Blend,US,False,False,False,False,True,Known-universe stock candidate added from S&P 500,S&P 500,1,136.89500427246094,,,,US,USD,0.5645502480329744,-0.08198089622467752,0.0027022691704547963,-0.08468316539513232,-0.03599117735200863,0.02989085947713166,-0.06588203682914029,-0.5103434480598052,0.1569835212288262,-0.6673269692886314,0.3094575017666228,0.7768338606093361,-0.46737635884271334,0.6558151698864274,0.7533078042196242,-0.09749263433319677
OTIS,OTIS,Otis Worldwide,Stock,Large-cap diversifier,Industrials,Blend,US,False,False,False,False,True,Known-universe stock candidate added from S&P 500,S&P 500,1,65.19499969482422,,,,US,USD,0.21728655462082574,-0.08343874297434417,0.0027022691704547963,-0.08614101214479897,-0.07148678136227826,0.02989085947713166,-0.10137764083940992,-0.27045883142299065,0.1569835212288262,-0.42744235265181685,-0.14962507923839585,0.7768338606093361,-0.926458939847732,-0.15955167638933432,0.7533078042196242,-0.9128594806089585
OXY,OXY,Occidental Petroleum,Stock,Large-cap diversifier,Energy,Blend,US,False,False,False,False,True,Known-universe stock candidate added from S&P 500,S&P 500,1,55.040000915527344,,,,US,USD,0.3570807504740708,-0.0812136985985592,0.0027022691704547963,-0.083915967769014,0.15337008324686763,0.02989085947713166,0.12347922376973597,0.16706746071611667,0.1569835212288262,0.010083939487290472,-0.07932512627656452,0.7768338606093361,-0.8561589868859006,1.211764853764424,0.7533078042196242,0.45845704954479993
P,P,Everpure,Stock,Large-cap diversifier,Information Technology,Blend,US,False,False,False,False,True,Known-universe stock candidate added from S&P 500,S&P 500,1,131.77000427246094,,,,US,USD,0.6850372888162235,0.4176439870765687,0.0027022691704547963,0.4149417179061139,0.7081929649346537,0.02989085947713166,0.678302105457522,0.5893136949972302,0.1569835212288262,0.432330173768404,2.888167797155805,0.7768338606093361,2.111333936546469,3.9931795119384557,0.7533078042196242,3.2398717077188315
PCG,PCG,PG&E Corporation,Stock,Defensive large-cap,Utilities,Defensive,US,False,True,True,False,True,Known-universe stock candidate added from S&P 500,S&P 500,1,12.164999961853027,,,,US,USD,0.3500481344764103,-0.08327056953974399,0.0027022691704547963,-0.08597283871019878,-0.26584187170185225,0.02989085947713166,-0.2957327311789839,-0.18366831964751884,0.1569835212288262,-0.34065184087634504,-0.27533690834322866,0.7768338606093361,-1.0521707689525648,0.25402707105633704,0.7533078042196242,-0.49928073316328714
PDD,PDD,PDD Holdings,Stock,Quality growth,Technology,Growth,US,False,False,False,True,True,Known-universe stock candidate added from Nasdaq-100,Nasdaq-100,1,77.4749984741211,,,,US,USD,0.33311981437915755,-0.07767858959379648,0.0027022691704547963,-0.08038085876425127,-0.06113667443258686,0.02989085947713166,-0.09102753390971852,-0.4070942101495062,0.1569835212288262,-0.5640777313783324,-0.1987279292802725,0.7768338606093361,-0.9755617898896086,-0.20619877371551598,0.7533078042196242,-0.9595065779351402
PEG,PEG,Public Service Enterprise Group,Stock,Defensive large-cap,Utilities,Defensive,US,False,True,True,False,True,Known-universe stock candidate added from S&P 500,S&P 500,1,67.69499969482422,,,,US,USD,0.18436437067947417,-0.06843725747440776,0.0027022691704547963,-0.07113952664486256,-0.14897846751040023,0.02989085947713166,-0.17886932698753188,-0.15685051667965022,0.1569835212288262,-0.3138340379084764,0.2388001385826939,0.7768338606093361,-0.5380337220266422,0.31211390311459475,0.7533078042196242,-0.44119390110502943
PFG,PFG,Principal Financial Group,Stock,Financial quality,Financials,Blend,US,False,False,False,False,True,Known-universe stock candidate added from S&P 500,S&P 500,1,113.36499786376953,,,,US,USD,0.2281765146208467,0.03691909429558238,0.0027022691704547963,0.03421682512512758,0.04862763230890321,0.02989085947713166,0.018736772831771553,0.4220040708865198,0.1569835212288262,0.2650205496576936,0.6828940839708706,0.7768338606093361,-0.09393977663846553,1.161937974734284,0.7533078042196242,0.4086301705146598
PG,PG,Procter & Gamble Co.,Stock,Defensive compounder,Consumer Defensive,Defensive,US,False,True,True,False,True,Consumer staples leader with steadier demand,Curated stock list,1,147.63999938964844,,,,US,USD,0.19703460016879662,0.017364969385686546,0.0027022691704547963,0.01466270021523175,0.008900064439573807,0.02989085947713166,-0.020990795037557852,-0.010085313421548281,0.1569835212288262,-0.16706883465037448,0.06048317313673013,0.7768338606093361,-0.716350687472606,0.1690584429843971,0.7533078042196242,-0.5842493612352271
PGR,PGR,Progressive Corporation,Stock,Financial quality,Financials,Blend,US,False,False,False,False,True,Known-universe stock candidate added from S&P 500,S&P 500,1,208.58999633789062,,,,US,USD,0.26688128367205677,-0.04351616568912131,0.0027022691704547963,-0.04621843485957611,-0.07375666445576834,0.02989085947713166,-0.1036475239329,-0.09107100018564018,0.1569835212288262,-0.24805452141446638,0.6022716604000617,0.7768338606093361,-0.17456220020927438,1.5331912884403276,0.7533078042196242,0.7798834842207034
PH,PH,Parker Hannifin,Stock,Large-cap diversifier,Industrials,Blend,US,False,False,False,False,True,Known-universe stock candidate added from S&P 500,S&P 500,1,965.7750244140625,,,,US,USD,0.2639915925297172,-0.013951827568081443,0.0027022691704547963,-0.01665409673853624,0.004056963614490261,0.02989085947713166,-0.0258338958626414,0.292270725118416,0.1569835212288262,0.1352872038895898,1.542892511952107,0.7768338606093361,0.766058651342771,2.6041396706057283,0.7533078042196242,1.850831866386104
PHM,PHM,PulteGroup,Stock,Large-cap diversifier,Consumer Discretionary,Blend,US,False,False,False,False,True,Known-universe stock candidate added from S&P 500,S&P 500,1,117.06500244140625,,,,US,USD,0.3296254090676275,-0.07123598760618499,0.0027022691704547963,-0.07393825677663979,-0.11515597335908523,0.02989085947713166,-0.1450468328362169,-0.11323638231487299,0.1569835212288262,-0.2702199035436992,0.6205631456360761,0.7768338606093361,-0.15627071497326006,1.5624818488814904,0.7533078042196242,0.8091740446618663
PKG,PKG,Packaging Corporation of America,Stock,Large-cap diversifier,Materials,Blend,US,False,False,False,False,True,Known-universe stock candidate added from S&P 500,S&P 500,1,232.21499633789062,,,,US,USD,0.2811801546638766,-0.0009492610140864333,0.0027022691704547963,-0.0036515301845412296,-0.017702909007256795,0.02989085947713166,-0.047593768484388455,0.10092700019922884,0.1569835212288262,-0.05605652102959735,0.6616082149061515,0.7768338606093361,-0.11522564570318461,0.9117552953945471,0.7533078042196242,0.15844749117492296
PLD,PLD,Prologis,Stock,Large-cap diversifier,Real Estate,Blend,US,False,False,True,False,True,Known-universe stock candidate added from S&P 500,S&P 500,1,131.2100067138672,,,,US,USD,0.21246517300737264,-0.05480454279699176,0.0027022691704547963,-0.05750681196744656,-0.03324752948551646,0.02989085947713166,-0.06313838896264812,0.18460598082143176,0.1569835212288262,0.027622459592605564,0.2760463449767592,0.7768338606093361,-0.500787515632577,0.1693736234005303,0.7533078042196242,-0.5839341808190939
PNC,PNC,PNC Financial Services,Stock,Financial quality,Financials,Blend,US,False,False,False,False,True,Known-universe stock candidate added from S&P 500,S&P 500,1,222.57000732421875,,,,US,USD,0.2196478015711165,-0.07119307770717898,0.0027022691704547963,-0.07389534687763377,-0.10839965774513016,0.02989085947713166,-0.13829051722226182,0.13893442600550188,0.1569835212288262,-0.01804909522332432,1.0282193302933944,0.7768338606093361,0.2513854696840583,0.424877458187106,0.7533078042196242,-0.3284303460325182
PNR,PNR,Pentair,Stock,Large-cap diversifier,Industrials,Blend,US,False,False,False,False,True,Known-universe stock candidate added from S&P 500,S&P 500,1,52.897499084472656,,,,US,USD,0.3260283555182721,-0.125082701199415,0.0027022691704547963,-0.1277849703698698,-0.3044172544802076,0.02989085947713166,-0.3343081139573393,-0.5116284229740244,0.1569835212288262,-0.6686119442028506,-0.1650812652327719,0.7768338606093361,-0.941915125842108,-0.24984460529637087,0.7533078042196242,-1.003152409515995
PNW,PNW,Pinnacle West Capital,Stock,Defensive large-cap,Utilities,Defensive,US,False,True,True,False,True,Known-universe stock candidate added from S&P 500,S&P 500,1,93.70500183105469,,,,US,USD,0.16680133553386212,-0.040301081351818646,0.0027022691704547963,-0.04300335052227344,-0.11047005422524303,0.02989085947713166,-0.1403609137023747,0.11047367249001994,0.1569835212288262,-0.04650984873880626,0.37155283237489956,0.7768338606093361,-0.40528102823443657,0.598674472711568,0.7533078042196242,-0.15463333150805614
PODD,PODD,Insulet Corporation,Stock,Defensive large-cap,Health Care,Defensive,US,False,True,False,False,True,Known-universe stock candidate added from S&P 500,S&P 500,1,131.0500030517578,,,,US,USD,0.44492063945920274,-0.11845822801388795,0.0027022691704547963,-0.12116049718434274,-0.1798610140931095,0.02989085947713166,-0.20975187357024117,-0.5781018443377522,0.1569835212288262,-0.7350853655665784,-0.1527121962682607,0.7768338606093361,-0.9295460568775968,-0.5449652671813965,0.7533078042196242,-1.2982730714010207
PPG,PPG,PPG Industries,Stock,Large-cap diversifier,Materials,Blend,US,False,False,False,False,True,Known-universe stock candidate added from S&P 500,S&P 500,1,105.5199966430664,,,,US,USD,0.3037556987391575,-0.059285028389346794,0.0027022691704547963,-0.06198729755980159,-0.13403248706250248,0.02989085947713166,-0.16392334653963414,0.040967825600941365,0.1569835212288262,-0.11601569562788483,-0.14279001991561846,0.7768338606093361,-0.9196238805249546,-0.19211412247989768,0.7533078042196242,-0.9454219266995219
PPL,PPL,PPL Corporation,Stock,Defensive large-cap,Utilities,Defensive,US,False,True,True,False,True,Known-universe stock candidate added from S&P 500,S&P 500,1,32.76499938964844,,,,US,USD,0.17868251052408482,-0.03200929723891299,0.0027022691704547963,-0.03471156640936779,-0.07250070838171063,0.02989085947713166,-0.10239156785884229,-0.08776080521219576,0.1569835212288262,-0.24474432644102195,0.447558426952942,0.7768338606093361,-0.3292754336563941,0.36815982647655066,0.7533078042196242,-0.3851479777430735
PRU,PRU,Prudential Financial,Stock,Financial quality,Financials,Blend,US,False,False,False,False,True,Known-universe stock candidate added from S&P 500,S&P 500,1,114.8550033569336,,,,US,USD,0.22508587245802508,-0.023341795517042963,0.0027022691704547963,-0.02604406468749776,0.046015576133937586,0.02989085947713166,0.016124716656805926,0.16478037435855653,0.1569835212288262,0.00779685312973033,0.3700233019834216,0.7768338606093361,-0.40681055862591453,0.464720286735115,0.7533078042196242,-0.28858751748450917
PSA,PSA,Public Storage,Stock,Large-cap diversifier,Real Estate,Blend,US,False,False,True,False,True,Known-universe stock candidate added from S&P 500,S&P 500,1,284.875,,,,US,USD,0.23023505586782825,-0.06251733027279416,0.0027022691704547963,-0.06521959944324895,-0.10909551967274278,0.02989085947713166,-0.13898637914987444,0.028193984766295532,0.1569835212288262,-0.12878953646253066,0.21893316657436857,0.7768338606093361,-0.5579006940349676,0.15150086839483778,0.7533078042196242,-0.6018069358247864
PSKY,PSKY,Paramount Skydance Corporation,Stock,Quality growth,Communication Services,Growth,US,False,False,False,True,True,Known-universe stock candidate added from S&P 500,S&P 500,1,10.164999961853027,,,,US,USD,0.4992722734468394,-0.06398042668780823,0.0027022691704547963,-0.06668269585826303,0.004127097533802804,0.02989085947713166,-0.025763761943328856,-0.46904881267463383,0.1569835212288262,-0.62603233390346,-0.15493609322015156,0.7768338606093361,-0.9317699538294877,-0.7083102864678402,0.7533078042196242,-1.4616180906874643
PSX,PSX,Phillips 66,Stock,Large-cap diversifier,Energy,Blend,US,False,False,False,False,True,Known-universe stock candidate added from S&P 500,S&P 500,1,256.54998779296875,,,,US,USD,0.31248891496128545,0.04043306792067036,0.0027022691704547963,0.037730798750215566,0.4780036841834603,0.02989085947713166,0.4481128247063286,0.9200917079998283,0.1569835212288262,0.7631081867710021,1.3551072209961434,0.7768338606093361,0.5782733603868073,3.5905540565353222,0.7533078042196242,2.837246252315698
PTC,PTC,PTC Inc.,Stock,Large-cap diversifier,Information Technology,Blend,US,False,False,False,False,True,Known-universe stock candidate added from S&P 500,S&P 500,1,138.60000610351562,,,,US,USD,0.3585386437188034,-0.11005521243801908,0.0027022691704547963,-0.11275748160847388,0.1571214519620754,0.02989085947713166,0.12723059248494373,-0.32005490289663985,0.1569835212288262,-0.47703842412546604,-0.016114070365257804,0.7768338606093361,-0.7929479309745939,0.1446032727324964,0.7533078042196242,-0.6087045314871278
PWR,PWR,Quanta Services,Stock,Large-cap diversifier,Industrials,Blend,US,False,False,False,False,True,Known-universe stock candidate added from S&P 500,S&P 500,1,639.1950073242188,,,,US,USD,0.4428128973443837,0.05288339298710509,0.0027022691704547963,0.0501811238166503,-0.07550624131679151,0.02989085947713166,-0.10539710079392317,0.563734302102908,0.1569835212288262,0.4067507808740818,2.420038546814328,0.7768338606093361,1.6432046862049918,4.560288737505115,0.7533078042196242,3.8069809332854905
Q,Q,Qnity Electronics,Stock,Large-cap diversifier,Information Technology,Blend,US,False,False,False,False,True,Known-universe stock candidate added from S&P 500,S&P 500,1,124.70999908447266,,,,US,USD,,0.0442099871540238,0.0027022691704547963,0.041507717983569004,-0.18632700915290645,0.02989085947713166,-0.2162178686300381,,,,,,,,,
RCL,RCL,Royal Caribbean Group,Stock,Large-cap diversifier,Consumer Discretionary,Blend,US,False,False,False,False,True,Known-universe stock candidate added from S&P 500,S&P 500,1,266.9049987792969,,,,US,USD,0.47874047999981045,-0.0009261997673991607,0.0027022691704547963,-0.003628468937853957,-0.12343755434076131,0.02989085947713166,-0.15332841381789297,-0.16672807156695868,0.1569835212288262,-0.3237115927957849,2.0349421419176092,0.7768338606093361,1.2581082813082731,2.2355406442008587,0.7533078042196242,1.4822328399812346
RDDT,RDDT,Reddit,Stock,Quality growth,Communication Services,Growth,US,False,False,False,True,True,Known-universe stock candidate added from S&P 500,S&P 500,1,149.82359313964844,,,,US,USD,0.7117427859354379,0.013622864585032257,0.0027022691704547963,0.01092059541457746,-0.24239685830659996,0.02989085947713166,-0.2722877177837316,-0.3808430622986517,0.1569835212288262,-0.5378265835274779,,,,,,
REG,REG,Regency Centers,Stock,Large-cap diversifier,Real Estate,Blend,US,False,False,True,False,True,Known-universe stock candidate added from S&P 500,S&P 500,1,72.29499816894531,,,,US,USD,0.15708257288986768,-0.023309928887880194,0.0027022691704547963,-0.02601219805833499,-0.07991549769776185,0.02989085947713166,-0.10980635717489351,0.04229604426110489,0.1569835212288262,-0.1146874769677213,0.34397362388736763,0.7768338606093361,-0.4328602367219685,0.2995290435487634,0.7533078042196242,-0.45377876067086076
RF,RF,Regions Financial Corporation,Stock,Financial quality,Financials,Blend,US,False,False,False,False,True,Known-universe stock candidate added from S&P 500,S&P 500,1,26.954999923706055,,,,US,USD,0.24340803296798996,-0.08874239373801585,0.0027022691704547963,-0.09144466290847064,-0.11596176915703615,0.02989085947713166,-0.1458526286341678,0.058295036284626844,0.1569835212288262,-0.09868848494419935,0.7766285603297256,0.7768338606093361,-0.00020530027961052078,0.6983306534378373,0.7533078042196242,-0.05497715078178689
RJF,RJF,Raymond James Financial,Stock,Financial quality,Financials,Blend,US,False,False,False,False,True,Known-universe stock candidate added from S&P 500,S&P 500,1,159.2449951171875,,,,US,USD,0.25225844123402447,-0.10621879803698853,0.0027022691704547963,-0.10892106720744332,0.0066691488684440525,0.02989085947713166,-0.023221710608687607,-0.08507768960085793,0.1569835212288262,-0.24206121082968413,0.6314129547064478,0.7768338606093361,-0.14542090590288836,0.9683434512512819,0.7533078042196242,0.21503564703165767
RKLB,RKLB,Rocket Lab,Stock,Large-cap diversifier,Industrials,Blend,US,False,False,False,False,True,Known-universe stock candidate added from Nasdaq-100,Nasdaq-100,1,73.2300033569336,,,,US,USD,0.9376149493023925,0.14565089885298876,0.0027022691704547963,0.14294862968253397,-0.26821221564647246,0.02989085947713166,-0.2981030751236041,0.5577537964597239,0.1569835212288262,0.4007702752308977,15.834483899401171,0.7768338606093361,15.057650038791834,4.036451413277783,0.7533078042196242,3.283143609058159
RL,RL,Ralph Lauren Corporation,Stock,Large-cap diversifier,Consumer Discretionary,Blend,US,False,False,False,False,True,Known-universe stock candidate added from S&P 500,S&P 500,1,357.05999755859375,,,,US,USD,0.34907843144688727,0.03222159711327288,0.0027022691704547963,0.029519327942818085,-0.10035253449913928,0.02989085947713166,-0.13024339397627094,0.16915884339017584,0.1569835212288262,0.012175322161349644,2.3126670248739343,0.7768338606093361,1.5358331642645981,2.496678643890913,0.7533078042196242,1.743370839671289
RMD,RMD,ResMed|,Stock,Defensive large-cap,Health Care,Defensive,US,False,True,False,False,True,Known-universe stock candidate added from S&P 500,S&P 500,1,220.75999450683594,,,,US,USD,0.2841596698664314,-0.08054981718051901,0.0027022691704547963,-0.08325208635097381,0.10091254649270787,0.02989085947713166,0.07102168701557621,-0.176920817924486,0.1569835212288262,-0.3339043391533122,0.6441645150145918,0.7768338606093361,-0.1326693455947443,-0.1991895321890037,0.7533078042196242,-0.9524973364086279
ROK,ROK,Rockwell Automation,Stock,Large-cap diversifier,Industrials,Blend,US,False,False,False,False,True,Known-universe stock candidate added from S&P 500,S&P 500,1,434.4700012207031,,,,US,USD,0.30804101289680924,0.02365527582446636,0.0027022691704547963,0.020953006654011563,-0.09736889489654754,0.02989085947713166,-0.1272597543736792,0.27792004603010545,0.1569835212288262,0.12093652480127925,0.6046487172019286,0.7768338606093361,-0.17218514340740754,0.5644158491695583,0.7533078042196242,-0.18889195505006584
ROL,ROL,"Rollins, Inc.",Stock,Large-cap diversifier,Industrials,Blend,US,False,False,False,False,True,Known-universe stock candidate added from S&P 500,S&P 500,1,29.920000076293945,,,,US,USD,0.27681286137714733,-0.1705017929183058,0.0027022691704547963,-0.1732040620887606,-0.2865261589841632,0.02989085947713166,-0.3164170184612949,-0.48129463450487997,0.1569835212288262,-0.6382781557337062,-0.16373207562861247,0.7768338606093361,-0.9405659362379486,-0.14721675899576758,0.7533078042196242,-0.9005245632153918
RSG,RSG,Republic Services,Stock,Large-cap diversifier,Industrials,Blend,US,False,False,False,False,True,Known-universe stock candidate added from S&P 500,S&P 500,1,210.8350067138672,,,,US,USD,0.19238296634781496,-0.04564997075260602,0.0027022691704547963,-0.048352239923060814,-0.015180885620559859,0.02989085947713166,-0.04507174509769152,-0.06895658092442492,0.1569835212288262,-0.2259401021532511,0.4912234710766634,0.7768338606093361,-0.2856103895326727,0.8035779737476896,0.7533078042196242,0.0502701695280654
RTX,RTX,RTX Corporation,Stock,Large-cap diversifier,Industrials,Blend,US,False,False,False,False,True,Known-universe stock candidate added from S&P 500,S&P 500,1,186.1199951171875,,,,US,USD,0.2612203465558451,-0.10402927384014138,0.0027022691704547963,-0.10673154301059617,-0.02628906798819819,0.02989085947713166,-0.05617992746532985,0.154327122631287,0.1569835212288262,-0.002656398597539189,1.7424332204776185,0.7768338606093361,0.9655993598682824,1.4301566260367462,0.7533078042196242,0.676848821817122
RVTY,RVTY,Revvity,Stock,Defensive large-cap,Health Care,Defensive,US,False,True,False,False,True,Known-universe stock candidate added from S&P 500,S&P 500,1,154.625,,,,US,USD,0.39160274899084313,0.20171758918481864,0.0027022691704547963,0.19901532001436384,0.3711624363747932,0.02989085947713166,0.3412715768976615,0.8414789540672618,0.1569835212288262,0.6844954328384356,0.40586708398018323,0.7768338606093361,-0.3709667766291529,-0.15435665748074234,0.7533078042196242,-0.9076644617003665
SBAC,SBAC,SBA Communications,Stock,Large-cap diversifier,Real Estate,Blend,US,False,False,True,False,True,Known-universe stock candidate added from S&P 500,S&P 500,1,163.0500030517578,,,,US,USD,0.34297322425861454,-0.14030370186936658,0.0027022691704547963,-0.14300597103982138,-0.0917016547967413,0.02989085947713166,-0.12159251427387296,-0.14730775783406103,0.1569835212288262,-0.3042912790628872,-0.13820390921306436,0.7768338606093361,-0.9150377698224005,-0.5053900207478329,0.7533078042196242,-1.2586978249674572
SCHW,SCHW,Charles Schwab Corporation,Stock,Financial quality,Financials,Blend,US,False,False,False,False,True,Known-universe stock candidate added from S&P 500,S&P 500,1,98.73999786376953,,,,US,USD,0.2520738501748072,-0.10089238628523589,0.0027022691704547963,-0.10359465545569069,0.03391024219946748,0.02989085947713166,0.004019382722335818,0.03211910268022988,0.1569835212288262,-0.12486441854859631,0.8591480201304946,0.7768338606093361,0.0823141595211585,0.4995386809879676,0.7533078042196242,-0.25376912323165657
SHOP,SHOP,Shopify,Stock,Quality growth,Technology,Growth,US,False,False,False,True,True,Known-universe stock candidate added from Nasdaq-100,Nasdaq-100,1,150.7050018310547,,,,US,USD,0.5887852326716293,0.022630160985044556,0.0027022691704547963,0.01992789181458976,0.23904468662494915,0.02989085947713166,0.2091538271478175,0.011442965309091946,0.1569835212288262,-0.14554055591973425,1.8127099044574289,0.7768338606093361,1.0358760438480927,0.028071530090491015,0.7533078042196242,-0.7252362741291332
SJM,SJM,J.M. Smucker Company (The),Stock,Large-cap diversifier,Consumer Staples,Blend,US,False,False,False,False,True,Known-universe stock candidate added from S&P 500,S&P 500,1,120.44999694824219,,,,US,USD,0.28231141168476137,-0.08165604158915696,0.0027022691704547963,-0.08435831075961175,0.05849561965547645,0.02989085947713166,0.02860476017834479,0.16703245105006603,0.1569835212288262,0.010048929821239838,0.06975522631102526,0.7768338606093361,-0.7070786342983109,0.18831539163448996,0.7533078042196242,-0.5649924125851342
SLB,SLB,Schlumberger,Stock,Large-cap diversifier,Energy,Blend,US,False,False,False,False,True,Known-universe stock candidate added from S&P 500,S&P 500,1,49.38999938964844,,,,US,USD,0.3652158196319683,-0.17393893870359378,0.0027022691704547963,-0.17664120787404858,0.1010483066714778,0.02989085947713166,0.07115744719434614,0.44111282967759524,0.1569835212288262,0.28412930844876905,-0.10843584391320282,0.7768338606093361,-0.885269704522539,1.0315916597566335,0.7533078042196242,0.2782838555370093
SMCI,SMCI,Supermicro,Stock,Large-cap diversifier,Information Technology,Blend,US,False,False,False,False,True,Known-universe stock candidate added from S&P 500,S&P 500,1,40.904998779296875,,,,US,USD,0.9264324557508827,0.0972371276474695,0.0027022691704547963,0.0945348584770147,0.47938514805198995,0.02989085947713166,0.4494942885748583,-0.11766612940545684,0.1569835212288262,-0.27464965063428304,0.6436952224541368,0.7768338606093361,-0.13313863815519933,9.83863262962368,0.7533078042196242,9.085324825404056
SNA,SNA,Snap-on,Stock,Large-cap diversifier,Industrials,Blend,US,False,False,False,False,True,Known-universe stock candidate added from S&P 500,S&P 500,1,366.3598937988281,,,,US,USD,0.19459995870843613,-0.051642732225017474,0.0027022691704547963,-0.05434500139547227,-0.085913138425189,0.02989085947713166,-0.11580399790232065,0.09213955580365352,0.1569835212288262,-0.06484396542517268,0.5474995549525052,0.7768338606093361,-0.22933430565683088,0.9701051427884986,0.7533078042196242,0.2167973385688744
SOLV,SOLV,Solventum,Stock,Defensive large-cap,Health Care,Defensive,US,False,True,False,False,True,Known-universe stock candidate added from S&P 500,S&P 500,1,88.69000244140625,,,,US,USD,0.29556434897757217,-0.026026742595314678,0.0027022691704547963,-0.028729011765769474,0.13197197407349592,0.02989085947713166,0.10208111459636426,0.2282232871607568,0.1569835212288262,0.0712397659319306,,,,,,
SPG,SPG,Simon Property Group,Stock,Large-cap diversifier,Real Estate,Blend,US,False,False,True,False,True,Known-universe stock candidate added from S&P 500,S&P 500,1,202.7100067138672,,,,US,USD,0.18950525809769364,-0.03501449352000985,0.0027022691704547963,-0.037716762690464645,-0.08122988798999231,0.02989085947713166,-0.11112074746712397,0.1412497234887451,0.1569835212288262,-0.0157337977400811,1.0942063163523286,0.7768338606093361,0.31737245574299244,0.9785252731123959,0.7533078042196242,0.22521746889277172
SPGI,SPGI,S&P Global,Stock,Financial quality,Financials,Blend,US,False,False,False,False,True,Known-universe stock candidate added from S&P 500,S&P 500,1,396.3900146484375,,,,US,USD,0.3074658747048835,-0.09051482658986854,0.0027022691704547963,-0.09321709576032333,-0.042629562679314725,0.02989085947713166,-0.07252042215644638,-0.1396785969077886,0.1569835212288262,-0.2966621181366148,0.1555488891652712,0.7768338606093361,-0.6212849714440649,-0.019150450956873177,0.7533078042196242,-0.7724582551764974
STE,STE,Steris,Stock,Defensive large-cap,Health Care,Defensive,US,False,True,False,False,True,Known-universe stock candidate added from S&P 500,S&P 500,1,209.97000122070312,,,,US,USD,0.2521926239420301,-0.09469281970421284,0.0027022691704547963,-0.09739508887466763,-0.007957338239503065,0.02989085947713166,-0.037848197716634724,-0.13691738009032117,0.1569835212288262,-0.29390090131914737,-0.04317786409665325,0.7768338606093361,-0.8200117247059894,0.019413506942232317,0.7533078042196242,-0.7338942972773919
STLD,STLD,Steel Dynamics,Stock,Large-cap diversifier,Materials,Blend,US,False,False,False,False,True,Known-universe stock candidate added from S&P 500,S&P 500,1,225.02999877929688,,,,US,USD,0.36381732639356307,-0.0326283058086515,0.0027022691704547963,-0.0353305749791063,0.014745690627080865,0.02989085947713166,-0.015145168850050794,0.6397000999437072,0.1569835212288262,0.48271657871488105,1.2477877927112253,0.7768338606093361,0.4709539321018892,3.1695287902235982,0.7533078042196242,2.416220986003974
STT,STT,State Street Corporation,Stock,Financial quality,Financials,Blend,US,False,False,False,False,True,Known-universe stock candidate added from S&P 500,S&P 500,1,177.80999755859375,,,,US,USD,0.24994788388688033,-0.07090608725048397,0.0027022691704547963,-0.07360835642093877,0.04797547873810437,0.02989085947713166,0.018084619260972712,0.5555530637422745,0.1569835212288262,0.39856954251344834,1.8920604413877178,0.7768338606093361,1.1152265807783817,1.505233804251561,0.7533078042196242,0.7519260000319368
STZ,STZ,Constellation Brands,Stock,Large-cap diversifier,Consumer Staples,Blend,US,False,False,False,False,True,Known-universe stock candidate added from S&P 500,S&P 500,1,113.13500213623047,,,,US,USD,0.3014969730871666,-0.13386153448612625,0.0027022691704547963,-0.13656380365658105,-0.16696050991653555,0.02989085947713166,-0.1968513693936672,-0.14676357388672068,0.1569835212288262,-0.3037470951155469,-0.5288047850516325,0.7768338606093361,-1.3056386456609688,-0.4122762460745638,0.7533078042196242,-1.1655840502941879
SW,SW,Smurfit Westrock,Stock,Large-cap diversifier,Materials,Blend,US,False,False,False,False,True,Known-universe stock candidate added from S&P 500,S&P 500,1,44.33000183105469,,,,US,USD,0.44540443968471055,-0.05479743307483953,0.0027022691704547963,-0.057499702245294326,-0.02941559193247356,0.02989085947713166,-0.05930645140960522,0.08138838695556938,0.1569835212288262,-0.07559513427325681,0.5435483799198941,0.7768338606093361,-0.233285480689442,-0.06147968061291098,0.7533078042196242,-0.8147874848325352
SWK,SWK,Stanley Black & Decker,Stock,Large-cap diversifier,Industrials,Blend,US,False,False,False,False,True,Known-universe stock candidate added from S&P 500,S&P 500,1,89.87000274658203,,,,US,USD,0.37385885537205427,-0.059332503249369895,0.0027022691704547963,-0.06203477241982469,-0.00753082255923776,0.02989085947713166,-0.03742168203636942,0.26827604681345063,0.1569835212288262,0.11129252558462444,0.21144590976706223,0.7768338606093361,-0.5653879508422739,-0.4057666075431874,0.7533078042196242,-1.1590744117628116
SWKS,SWKS,Skyworks Solutions,Stock,Large-cap diversifier,Information Technology,Blend,US,False,False,False,False,True,Known-universe stock candidate added from S&P 500,S&P 500,1,86.79000091552734,,,,US,USD,0.512568162781252,0.29517979628002977,0.0027022691704547963,0.292477527109575,0.3163961855573352,0.02989085947713166,0.2865053260802035,0.16474268793886182,0.1569835212288262,0.007759166710035625,-0.021543986718290276,0.7768338606093361,-0.7983778473276264,-0.42204095555649035,0.7533078042196242,-1.1753487597761145
SYF,SYF,Synchrony Financial,Stock,Financial quality,Financials,Blend,US,False,False,False,False,True,Known-universe stock candidate added from S&P 500,S&P 500,1,71.73999786376953,,,,US,USD,0.3183945618094615,-0.06927872133409485,0.0027022691704547963,-0.07198099050454965,-0.06148525411477679,0.02989085947713166,-0.09137611359190845,-0.0052492799695326164,0.1569835212288262,-0.1622328011983588,1.4262330063343764,0.7768338606093361,0.6493991457250403,0.6582435723278337,0.7533078042196242,-0.09506423189179047
SYK,SYK,Stryker Corporation,Stock,Defensive large-cap,Health Care,Defensive,US,False,True,False,False,True,Known-universe stock candidate added from S&P 500,S&P 500,1,274.114990234375,,,,US,USD,0.29639927607592526,-0.15344348187672363,0.0027022691704547963,-0.15614575104717843,-0.1253231519138267,0.02989085947713166,-0.15521401139095836,-0.2513629275375123,0.1569835212288262,-0.4083464487663385,-0.017843640733847588,0.7768338606093361,-0.7946775013431837,0.0628567182242854,0.7533078042196242,-0.6904510859953388
SYY,SYY,Sysco,Stock,Large-cap diversifier,Consumer Staples,Blend,US,False,False,False,False,True,Known-universe stock candidate added from S&P 500,S&P 500,1,78.5999984741211,,,,US,USD,0.2722970846243249,-0.030587115206301307,0.0027022691704547963,-0.033289384376756104,-0.05278377294449965,0.02989085947713166,-0.08267463242163131,-0.01233978606985442,0.1569835212288262,-0.16932330729868061,0.24175561653689548,0.7768338606093361,-0.5350782440724406,0.15473496685404386,0.7533078042196242,-0.5985728373655803
T,T,AT&T,Stock,Quality growth,Communication Services,Growth,US,False,False,False,True,True,Known-universe stock candidate added from S&P 500,S&P 500,1,24.545000076293945,,,,US,USD,0.25460568233194114,-0.05195053476487377,0.0027022691704547963,-0.054652803935328564,0.2145339385562517,0.02989085947713166,0.18464307907912003,-0.0843456041057501,0.1569835212288262,-0.2413291253345763,0.9091608394305801,0.7768338606093361,0.132326978821244,0.6268649517979599,0.7533078042196242,-0.1264428524216643
TDG,TDG,TransDigm Group,Stock,Large-cap diversifier,Industrials,Blend,US,False,False,False,False,True,Known-universe stock candidate added from S&P 500,S&P 500,1,1092.530029296875,,,,US,USD,0.2744598046918917,-0.06760028811652674,0.0027022691704547963,-0.07030255728698154,-0.16548527744518948,0.02989085947713166,-0.19537613692232114,-0.15261113000508242,0.1569835212288262,-0.3095946512339086,0.5015503706897564,0.7768338606093361,-0.27528348991957974,1.0895162154520905,0.7533078042196242,0.33620841123246636
TDY,TDY,Teledyne Technologies,Stock,Large-cap diversifier,Information Technology,Blend,US,False,False,False,False,True,Known-universe stock candidate added from S&P 500,S&P 500,1,605.7650146484375,,,,US,USD,0.2600414253720424,-0.01172199594665635,0.0027022691704547963,-0.014424265117111146,-0.08383998266055126,0.02989085947713166,-0.11373084213768292,0.045594269743059135,0.1569835212288262,-0.11138925148576706,0.46009691361130467,0.7768338606093361,-0.31673694699803145,0.417823322758192,0.7533078042196242,-0.33548448146143217
TECH,TECH,Bio-Techne,Stock,Defensive large-cap,Health Care,Defensive,US,False,True,False,False,True,Known-universe stock candidate added from S&P 500,S&P 500,1,72.43000030517578,,,,US,USD,0.45432205265620224,0.0016595595440975774,0.0027022691704547963,-0.0010427096263572189,0.021270532620152327,0.02989085947713166,-0.008620326856979332,0.39460656261850735,0.1569835212288262,0.23762304138968116,0.07513740538586533,0.7768338606093361,-0.7016964552234708,-0.44388127614217165,0.7533078042196242,-1.1971890803617957
TEL,TEL,TE Connectivity,Stock,Large-cap diversifier,Information Technology,Blend,US,False,False,False,False,True,Known-universe stock candidate added from S&P 500,S&P 500,1,211.67999267578125,,,,US,USD,0.35204146990959856,0.031327613523903786,0.0027022691704547963,0.02862534435344899,0.054937163047564797,0.02989085947713166,0.025046303570433137,-0.017441008893889,0.1569835212288262,-0.1744245301227152,0.7988298048494777,0.7768338606093361,0.02199594424014162,0.6278223279849617,0.7533078042196242,-0.12548547623466244
TFC,TFC,Truist Financial,Stock,Financial quality,Financials,Blend,US,False,False,False,False,True,Known-universe stock candidate added from S&P 500,S&P 500,1,46.625,,,,US,USD,0.24406481919369222,-0.05960068015172615,0.0027022691704547963,-0.062302949322180945,-0.07472833194356077,0.02989085947713166,-0.10461919142069243,0.05884822443472837,0.1569835212288262,-0.09813529679409783,0.8735980930555183,0.7768338606093361,0.09676423244618215,0.08354514498093946,0.7533078042196242,-0.6697626592386847
TKO,TKO,TKO Group Holdings,Stock,Quality growth,Communication Services,Growth,US,False,False,False,True,True,Known-universe stock candidate added from S&P 500,S&P 500,1,176.52000427246094,,,,US,USD,0.31498544068666806,-0.02939156663149789,0.0027022691704547963,-0.032093835801952686,-0.12442418461332128,0.02989085947713166,-0.15431504409045294,-0.12666774017455296,0.1569835212288262,-0.28365126140337915,1.201573798557705,0.7768338606093361,0.42473993794836895,2.434487963320462,0.7533078042196242,1.6811801591008377
TPL,TPL,Texas Pacific Land Corporation,Stock,Large-cap diversifier,Energy,Blend,US,False,False,False,False,True,Known-universe stock candidate added from S&P 500,S&P 500,1,326.32501220703125,,,,US,USD,0.4833880989446703,-0.12686621519310648,0.0027022691704547963,-0.12956848436356128,-0.21245026174771375,0.02989085947713166,-0.2423411212248454,0.06990190798018614,0.1569835212288262,-0.08708161324864006,0.6313959198083217,0.7768338606093361,-0.14543794080101446,1.459625000402538,0.7533078042196242,0.7063171961829138
TPR,TPR,"Tapestry, Inc.",Stock,Large-cap diversifier,Consumer Discretionary,Blend,US,False,False,False,False,True,Known-universe stock candidate added from S&P 500,S&P 500,1,114.77999877929688,,,,US,USD,0.40805668947995766,-0.06625247169839776,0.0027022691704547963,-0.06895474086885256,-0.19983954714084573,0.02989085947713166,-0.2297304066179774,0.04304745566399171,0.1569835212288262,-0.11393606556483449,3.300915089594274,0.7768338606093361,2.524081228984938,2.344142421942119,0.7533078042196242,1.590834617722495
TRGP,TRGP,Targa Resources,Stock,Large-cap diversifier,Energy,Blend,US,False,False,False,False,True,Known-universe stock candidate added from S&P 500,S&P 500,1,273.68499755859375,,,,US,USD,0.28968280506712096,-0.06798909161540301,0.0027022691704547963,-0.0706913607858578,0.06654464822475648,0.02989085947713166,0.036653788747624816,0.6533804513942436,0.1569835212288262,0.4963969301654174,2.4226876794773213,0.7768338606093361,1.6458538188679852,5.60874992769005,0.7533078042196242,4.855442123470425
TRI,TRI,Thomson Reuters,Stock,Quality growth,Technology,Growth,US,False,False,False,True,True,Known-universe stock candidate added from Nasdaq-100,Nasdaq-100,1,96.02999877929688,,,,US,USD,0.5018274269230538,-0.1051994124825909,0.0027022691704547963,-0.1079016816530457,0.13835256537220086,0.02989085947713166,0.1084617058950692,-0.3592182436955753,0.1569835212288262,-0.5162017649244015,-0.18308007874512489,0.7768338606093361,-0.959913939354461,-0.08918736878911004,0.7533078042196242,-0.8424951730087342
TRMB,TRMB,Trimble Inc.,Stock,Large-cap diversifier,Information Technology,Blend,US,False,False,False,False,True,Known-universe stock candidate added from S&P 500,S&P 500,1,57.34000015258789,,,,US,USD,0.3178531081232893,-0.04337668558041219,0.0027022691704547963,-0.046078954750866985,0.09052868306904216,0.02989085947713166,0.0606378235919105,-0.3003050361453635,0.1569835212288262,-0.4572885573741897,0.14314195229301263,0.7768338606093361,-0.6336919083163235,-0.3666887610694264,0.7533078042196242,-1.1199965652890507
TROW,TROW,T. Rowe Price,Stock,Financial quality,Financials,Blend,US,False,False,False,False,True,Known-universe stock candidate added from S&P 500,S&P 500,1,104.37000274658203,,,,US,USD,0.24136289789951978,-0.050427887519728154,0.0027022691704547963,-0.05313015669018295,-0.08992865245694248,0.02989085947713166,-0.11981951193407414,0.061234129761459366,0.1569835212288262,-0.09574939146736683,0.14010886551459434,0.7768338606093361,-0.6367249950947418,-0.3676340028007188,0.7533078042196242,-1.120941807020343
TSCO,TSCO,Tractor Supply,Stock,Large-cap diversifier,Consumer Discretionary,Blend,US,False,False,False,False,True,Known-universe stock candidate added from S&P 500,S&P 500,1,31.295000076293945,,,,US,USD,0.32473033749403385,-0.10329516595899846,0.0027022691704547963,-0.10599743512945325,-0.023211273783621422,0.02989085947713166,-0.05310213326075308,-0.4346720237713769,0.1569835212288262,-0.5916555450002031,-0.19653946133118028,0.7768338606093361,-0.9733733219405164,-0.18984603236410347,0.7533078042196242,-0.9431538365837276
TSN,TSN,Tyson Foods,Stock,Large-cap diversifier,Consumer Staples,Blend,US,False,False,False,False,True,Known-universe stock candidate added from S&P 500,S&P 500,1,50.95000076293945,,,,US,USD,0.265379036420281,-0.06736219431620549,0.0027022691704547963,-0.07006446348666029,-0.11987595980152888,0.02989085947713166,-0.14976681927866053,-0.022579863307043424,0.1569835212288262,-0.17956338453586962,0.11717358759427343,0.7768338606093361,-0.6596602730150627,-0.20845455806163704,0.7533078042196242,-0.9617623622812612
TT,TT,Trane Technologies,Stock,Large-cap diversifier,Industrials,Blend,US,False,False,False,False,True,Known-universe stock candidate added from S&P 500,S&P 500,1,453.7799987792969,,,,US,USD,0.28595586656438376,0.023521187343975347,0.0027022691704547963,0.02081891817352055,-0.06134629643868106,0.02989085947713166,-0.09123715591581272,0.10281523966219863,0.1569835212288262,-0.05416828156662756,1.3190926234127014,0.7768338606093361,0.5422587628033653,1.6436215260434128,0.7533078042196242,0.8903137218237887
TXT,TXT,Textron,Stock,Large-cap diversifier,Industrials,Blend,US,False,False,False,False,True,Known-universe stock candidate added from S&P 500,S&P 500,1,76.93000030517578,,,,US,USD,0.2663710250680015,-0.0448182933479897,0.0027022691704547963,-0.0475205625184445,-0.16295623773596868,0.02989085947713166,-0.19284709721310034,-0.08365572634233887,0.1569835212288262,-0.24063924757116506,-0.02191507122987424,0.7768338606093361,-0.7987489318392104,0.11006686909077268,0.7533078042196242,-0.6432409351288515
TYL,TYL,Tyler Technologies,Stock,Large-cap diversifier,Information Technology,Blend,US,False,False,False,False,True,Known-universe stock candidate added from S&P 500,S&P 500,1,322.947998046875,,,,US,USD,0.41749700109171195,-0.1323733356945881,0.0027022691704547963,-0.1350756048650429,0.07053397312304566,0.02989085947713166,0.040643113645914,-0.3897775825911577,0.1569835212288262,-0.5467611038199839,-0.16988486799916191,0.7768338606093361,-0.946718728608498,-0.3098074511779736,0.7533078042196242,-1.0631152553975978
UAL,UAL,United Airlines Holdings,Stock,Large-cap diversifier,Industrials,Blend,US,False,False,False,False,True,Known-universe stock candidate added from S&P 500,S&P 500,1,111.40499877929688,,,,US,USD,0.48362937799690564,0.0316233075570147,0.0027022691704547963,0.028921038386559905,-0.17557171054711673,0.02989085947713166,-0.2054625700242484,0.12940997028217782,0.1569835212288262,-0.027573550946648373,1.5950383877790357,0.7768338606093361,0.8182045271696996,1.4388134420978562,0.7533078042196242,0.685505637878232
UBER,UBER,Uber,Stock,Large-cap diversifier,Industrials,Blend,US,False,False,False,False,True,Known-universe stock candidate added from S&P 500,S&P 500,1,69.00499725341797,,,,US,USD,0.35254180088341297,-0.08783878570296877,0.0027022691704547963,-0.09054105487342357,-0.0503028657373632,0.02989085947713166,-0.08019372521449486,-0.30696999633510147,0.1569835212288262,-0.46395351756392766,0.5365174234663086,0.7768338606093361,-0.24031643714302753,0.5378872051718013,0.7533078042196242,-0.21542059904782285
UDR,UDR,"UDR, Inc.",Stock,Large-cap diversifier,Real Estate,Blend,US,False,False,True,False,True,Known-universe stock candidate added from S&P 500,S&P 500,1,33.790000915527344,,,,US,USD,0.2005052797968376,-0.08175659761787468,0.0027022691704547963,-0.08445886678832948,-0.1585073648510642,0.02989085947713166,-0.18839822432819586,-0.04062084975739999,0.1569835212288262,-0.19760437098622619,0.07260011239610908,0.7768338606093361,-0.704233748213227,-0.22979458165241062,0.7533078042196242,-0.9831023858720348
UHS,UHS,Universal Health Services,Stock,Defensive large-cap,Health Care,Defensive,US,False,True,False,False,True,Known-universe stock candidate added from S&P 500,S&P 500,1,174.72999572753906,,,,US,USD,0.3218747470175263,0.027038092709719797,0.0027022691704547963,0.024335823539265,0.16174400209885076,0.02989085947713166,0.1318531426217191,-0.12721453656553416,0.1569835212288262,-0.28419805779436036,0.3825200171391794,0.7768338606093361,-0.39431384347015674,0.23100206906641962,0.7533078042196242,-0.5223057351532046
ULTA,ULTA,Ulta Beauty,Stock,Large-cap diversifier,Consumer Discretionary,Blend,US,False,False,False,False,True,Known-universe stock candidate added from S&P 500,S&P 500,1,546.3900146484375,,,,US,USD,0.34847293945440166,0.01729666632802429,0.0027022691704547963,0.014594397157569494,0.201438093396888,0.02989085947713166,0.17154723391975635,-0.013219929265756103,0.1569835212288262,-0.1702034504945823,0.3714952547959913,0.7768338606093361,-0.4053386058133448,0.45374486038441675,0.7533078042196242,-0.29956294383520743
UNP,UNP,Union Pacific Corporation,Stock,Large-cap diversifier,Industrials,Blend,US,False,False,False,False,True,Known-universe stock candidate added from S&P 500,S&P 500,1,275.17999267578125,,,,US,USD,0.22490754024044893,-0.0847773958611926,0.0027022691704547963,-0.08747966503164739,-0.004583590500936152,0.02989085947713166,-0.03447444997806781,0.18968438611297045,0.1569835212288262,0.032700864884144254,0.4101224800902705,0.7768338606093361,-0.3667113805190656,0.555044609393923,0.7533078042196242,-0.1982631948257012
UPS,UPS,United Parcel Service,Stock,Large-cap diversifier,Industrials,Blend,US,False,False,False,False,True,Known-universe stock candidate added from S&P 500,S&P 500,1,93.61000061035156,,,,US,USD,0.3005888099739176,-0.1018900739186781,0.0027022691704547963,-0.1045923430891329,-0.13180103283951905,0.02989085947713166,-0.1616918923166507,0.18057785305552754,0.1569835212288262,0.023594331826701342,-0.2797945800501517,0.7768338606093361,-1.056628440659488,-0.3600669554914132,0.7533078042196242,-1.1133747597110375
URI,URI,United Rentals,Stock,Large-cap diversifier,Industrials,Blend,US,False,False,False,False,True,Known-universe stock candidate added from S&P 500,S&P 500,1,1023.2449951171875,,,,US,USD,0.4317558960255556,-0.014214840927564976,0.0027022691704547963,-0.016917110098019772,-0.07802879260313278,0.02989085947713166,-0.10791965208026444,0.0929251077680342,0.1569835212288262,-0.064058413460792,1.3695329397785412,0.7768338606093361,0.5926990791692051,2.0729108642373126,0.7533078042196242,1.3196030600176885
USB,USB,U.S. Bancorp,Stock,Financial quality,Financials,Blend,US,False,False,False,False,True,Known-universe stock candidate added from S&P 500,S&P 500,1,57.779998779296875,,,,US,USD,0.22459644125531547,-0.06170839458860611,0.0027022691704547963,-0.0644106637590609,-0.0674628851991591,0.02989085947713166,-0.09735374467629077,0.226436627951087,0.1569835212288262,0.0694531067222608,0.9653911531524517,0.7768338606093361,0.1885572925431156,0.24077295390398734,0.7533078042196242,-0.5125348503156368
VEEV,VEEV,Veeva Systems,Stock,Defensive large-cap,Health Care,Defensive,US,False,True,False,False,True,Known-universe stock candidate added from S&P 500,S&P 500,1,284.6549987792969,,,,US,USD,0.42713870338564636,-0.003622820726187803,0.0027022691704547963,-0.0063250898966425995,0.5451905161930191,0.02989085947713166,0.5152996567158874,-0.02848123283516424,0.1569835212288262,-0.18546475406399043,0.39570974767670997,0.7768338606093361,-0.38112411293262616,-0.04301567625698666,0.7533078042196242,-0.7963234804766108
VICI,VICI,Vici Properties,Stock,Large-cap diversifier,Real Estate,Blend,US,False,False,True,False,True,Known-universe stock candidate added from S&P 500,S&P 500,1,23.18000030517578,,,,US,USD,0.18338497413916477,-0.07902565686983964,0.0027022691704547963,-0.08172792604029444,-0.10076164100806484,0.02989085947713166,-0.1306525004851965,-0.2381710708642809,0.1569835212288262,-0.3951545920931071,-0.06901352248153447,0.7768338606093361,-0.8458473830908706,0.0368041272205919,0.7533078042196242,-0.7165036769990323
VLO,VLO,Valero Energy,Stock,Large-cap diversifier,Energy,Blend,US,False,False,False,False,True,Known-universe stock candidate added from S&P 500,S&P 500,1,393.1050109863281,,,,US,USD,0.36774895903691834,0.0952440551646101,0.0027022691704547963,0.0925417859941553,0.4646087826282621,0.02989085947713166,0.43471792315113045,1.3320530026488289,0.1569835212288262,1.1750694814200027,1.9131424892235054,0.7768338606093361,1.1363086286141693,6.025484309599541,0.7533078042196242,5.272176505379917
VLTO,VLTO,Veralto,Stock,Large-cap diversifier,Industrials,Blend,US,False,False,False,False,True,Known-universe stock candidate added from S&P 500,S&P 500,1,95.17500305175781,,,,US,USD,0.23016835323995938,-0.03444249420287537,0.0027022691704547963,-0.03714476337333017,0.05352011190905137,0.02989085947713166,0.02362925243191971,-0.08943345913852085,0.1569835212288262,-0.24641698036734705,,,,,,
VMC,VMC,Vulcan Materials Company,Stock,Large-cap diversifier,Materials,Blend,US,False,False,False,False,True,Known-universe stock candidate added from S&P 500,S&P 500,1,242.60000610351562,,,,US,USD,0.2830258548818762,-0.10008154096230559,0.0027022691704547963,-0.10278381013276039,-0.1761829022383693,0.02989085947713166,-0.20607376171550096,-0.19341222274904457,0.1569835212288262,-0.35039574397787077,0.22780806726634695,0.7768338606093361,-0.5490257933429892,0.44875972254292273,0.7533078042196242,-0.30454808167670144
VMRK,VMRK,Vivmark Residential,Stock,Large-cap diversifier,Real Estate,Blend,US,False,False,True,False,True,Known-universe stock candidate added from S&P 500,S&P 500,1,61.095001220703125,,,,US,USD,0.20750291941260424,-0.062096994271512274,0.0027022691704547963,-0.06479926344196707,-0.10979158289766044,0.02989085947713166,-0.1396824423747921,-0.014789881517809245,0.1569835212288262,-0.17177340274663544,0.1538778211515055,0.7768338606093361,-0.6229560394578306,-0.08640518650851559,0.7533078042196242,-0.8397129907281398
VRSK,VRSK,Verisk Analytics,Stock,Large-cap diversifier,Industrials,Blend,US,False,False,False,False,True,Known-universe stock candidate added from S&P 500,S&P 500,1,166.02499389648438,,,,US,USD,0.3579913371612439,-0.1409328327128213,0.0027022691704547963,-0.1436351018832761,-0.09389273194745607,0.02989085947713166,-0.12378359142458772,-0.3259338928385819,0.1569835212288262,-0.48291741406740807,-0.30064841916254037,0.7768338606093361,-1.0774822797718766,-0.16346308277980603,0.7533078042196242,-0.9167708869994302
VRSN,VRSN,Verisign,Stock,Large-cap diversifier,Information Technology,Blend,US,False,False,False,False,True,Known-universe stock candidate added from S&P 500,S&P 500,1,283.04998779296875,,,,US,USD,0.29235170486536927,-0.018142122271660455,0.0027022691704547963,-0.02084439144211525,0.1093431091269812,0.02989085947713166,0.07945224964984954,0.007973493342960714,0.1569835212288262,-0.14901002788586548,0.43419642746002074,0.7768338606093361,-0.3426374331493154,0.34121773262472543,0.7533078042196242,-0.41209007159489874
VRT,VRT,Vertiv,Stock,Large-cap diversifier,Industrials,Blend,US,False,False,False,False,True,Known-universe stock candidate added from S&P 500,S&P 500,1,243.52999877929688,,,,US,USD,0.6606382479884092,-0.058481352305466694,0.0027022691704547963,-0.06118362147592149,-0.21780974719935386,0.02989085947713166,-0.24770060667648552,0.7011324374665249,0.1569835212288262,0.5441489162376987,5.648718854794378,0.7768338606093361,4.8718849941850415,9.198095187281185,0.7533078042196242,8.444787383061561
VST,VST,Vistra Corp.,Stock,Defensive large-cap,Utilities,Defensive,US,False,True,True,False,True,Known-universe stock candidate added from S&P 500,S&P 500,1,137.75999450683594,,,,US,USD,0.4838559103247251,0.004481439614773652,0.0027022691704547963,0.001779170444318856,-0.09907551908311707,0.02989085947713166,-0.12896637856024873,-0.29998864101137646,0.1569835212288262,-0.45697216224020265,3.198636572118847,0.7768338606093361,2.421802711509511,7.612273201823882,0.7533078042196242,6.858965397604258
VTR,VTR,Ventas,Stock,Large-cap diversifier,Real Estate,Blend,US,False,False,True,False,True,Known-universe stock candidate added from S&P 500,S&P 500,1,85.71070098876953,,,,US,USD,0.22206067204319663,-0.059880413401558585,0.0027022691704547963,-0.06258268257201338,-0.04394088644797434,0.02989085947713166,-0.073831745925106,0.27032789018862347,0.1569835212288262,0.11334436895979727,1.217004190478145,0.7768338606093361,0.4401703298688089,0.8024748048335764,0.7533078042196242,0.04916700061395218
VTRS,VTRS,Viatris,Stock,Defensive large-cap,Health Care,Defensive,US,False,True,False,False,True,Known-universe stock candidate added from S&P 500,S&P 500,1,17.9950008392334,,,,US,USD,0.31941358698856237,0.08994552330494643,0.0027022691704547963,0.08724325413449163,0.12051690823723193,0.02989085947713166,0.09062604876010028,0.9368989253254438,0.1569835212288262,0.7799154040966176,1.0999654329901931,0.7768338606093361,0.323131572380857,0.6759982732954122,0.7533078042196242,-0.077309530924212
WAB,WAB,Wabtec,Stock,Large-cap diversifier,Industrials,Blend,US,False,False,False,False,True,Known-universe stock candidate added from S&P 500,S&P 500,1,289.510009765625,,,,US,USD,0.2605313878749195,0.012520607077072698,0.0027022691704547963,0.009818337906617902,0.09776075258116568,0.02989085947713166,0.06786989310403402,0.47212644690388594,0.1569835212288262,0.31514292567505975,1.7357070501021674,0.7768338606093361,0.9588731894928313,2.426461166827741,0.7533078042196242,1.673153362608117
WAT,WAT,Waters Corporation,Stock,Defensive large-cap,Health Care,Defensive,US,False,True,False,False,True,Known-universe stock candidate added from S&P 500,S&P 500,1,442.32501220703125,,,,US,USD,0.35745384821989684,0.06679450835220235,0.0027022691704547963,0.06409223918174756,0.16976967311576785,0.02989085947713166,0.1398788136386362,0.5282625277281565,0.1569835212288262,0.3712790064993303,0.6324366185269952,0.7768338606093361,-0.14439724208234095,0.11816832807901956,0.7533078042196242,-0.6351394761406046
WEC,WEC,WEC Energy Group,Stock,Defensive large-cap,Utilities,Defensive,US,False,True,True,False,True,Known-universe stock candidate added from S&P 500,S&P 500,1,101.97000122070312,,,,US,USD,0.1599040900890257,-0.039559169451607756,0.0027022691704547963,-0.04226143862206255,-0.1149641083152535,0.02989085947713166,-0.14485496779238516,-0.07671938702412451,0.1569835212288262,-0.2337029082529507,0.33984740746265474,0.7768338606093361,-0.4369864531466814,0.32575683105776054,0.7533078042196242,-0.42755097316186363
WFC,WFC,Wells Fargo,Stock,Financial quality,Financials,Blend,US,False,False,False,False,True,Known-universe stock candidate added from S&P 500,S&P 500,1,80.52999877929688,,,,US,USD,0.26838420727250806,-0.0678319325356278,0.0027022691704547963,-0.0705342017060826,-0.0575712004979988,0.02989085947713166,-0.08746205997513046,-0.027925696263686794,0.1569835212288262,-0.184909217492513,1.083982173896905,0.7768338606093361,0.307148313287569,0.9320394409415482,0.7533078042196242,0.17873163672192405
WM,WM,Waste Management,Stock,Large-cap diversifier,Industrials,Blend,US,False,False,False,False,True,Known-universe stock candidate added from S&P 500,S&P 500,1,204.75999450683594,,,,US,USD,0.20282489165643916,-0.060547550607801925,0.0027022691704547963,-0.06324981977825672,-0.08218079432770997,0.02989085947713166,-0.11207165380484163,-0.05127208989702048,0.1569835212288262,-0.20825561112584667,0.3640004496810558,0.7768338606093361,-0.4128334109282803,0.4441852208317203,0.7533078042196242,-0.3091225833879039
WMB,WMB,Williams Companies,Stock,Large-cap diversifier,Energy,Blend,US,False,False,False,False,True,Known-universe stock candidate added from S&P 500,S&P 500,1,68.01499938964844,,,,US,USD,0.24116323591249667,-0.08715636255208614,0.0027022691704547963,-0.08985863172254094,-0.05855548177360548,0.02989085947713166,-0.08844634125073714,0.09561398592873127,0.1569835212288262,-0.061369535300094924,1.2405947130571202,0.7768338606093361,0.4637608524477841,2.385121108711724,0.7533078042196242,1.6318133044920997
WMT,WMT,Walmart Inc.,Stock,Defensive compounder,Consumer Defensive,Defensive,US,False,True,False,False,True,Defensive retail exposure with resilient cash flow,Curated stock list,1,105.7300033569336,,,,US,USD,0.26179131620015744,0.008200634955924935,0.0027022691704547963,0.0054983657854701384,-0.026069438949089863,0.02989085947713166,-0.05596029842622152,0.034344208311389846,0.1569835212288262,-0.12263931291743635,1.0073548609603775,0.7768338606093361,0.2305210003510414,1.366398179042597,0.7533078042196242,0.6130903748229728
WRB,WRB,W. R. Berkley Corporation,Stock,Financial quality,Financials,Blend,US,False,False,False,False,True,Known-universe stock candidate added from S&P 500,S&P 500,1,68.02999877929688,,,,US,USD,0.22192553711947724,0.008397556728969802,0.0027022691704547963,0.005695287558515005,-0.03584296166382739,0.02989085947713166,-0.06573382114095905,-0.08013407172988163,0.1569835212288262,-0.23711759295870782,0.6878747605706212,0.7768338606093361,-0.08895910003871488,1.3848291769967465,0.7533078042196242,0.6315213727771223
WSM,WSM,"Williams-Sonoma, Inc.",Stock,Large-cap diversifier,Consumer Discretionary,Blend,US,False,False,False,False,True,Known-universe stock candidate added from S&P 500,S&P 500,1,231.16000366210938,,,,US,USD,0.33375285927484133,0.012749194576601841,0.0027022691704547963,0.010046925406147045,0.016576053021681636,0.02989085947713166,-0.013314806455450023,0.22103983223509904,0.1569835212288262,0.06405631100627285,2.1020599138775253,0.7768338606093361,1.3252260532681892,1.675656934951165,0.7533078042196242,0.9223491307315408
WST,WST,West Pharmaceutical Services,Stock,Defensive large-cap,Health Care,Defensive,US,False,True,False,False,True,Known-universe stock candidate added from S&P 500,S&P 500,1,372.0,,,,US,USD,0.3338576488412829,0.09055734506452784,0.0027022691704547963,0.08785507589407304,0.019843862110324517,0.02989085947713166,-0.010046997366807142,0.4334683578957619,0.1569835212288262,0.2764848366669357,-0.0010822834533716907,0.7768338606093361,-0.7779161440627078,-0.1608742600330344,0.7533078042196242,-0.9141820642526586
WTW,WTW,Willis Towers Watson,Stock,Financial quality,Financials,Blend,US,False,False,False,False,True,Known-universe stock candidate added from S&P 500,S&P 500,1,289.4049987792969,,,,US,USD,0.30394729859523395,-0.14516316876586388,0.0027022691704547963,-0.14786543793631868,0.052228729596002665,0.02989085947713166,0.022337870118871006,-0.14372364097879942,0.1569835212288262,-0.3007071622076256,0.4054418352981837,0.7768338606093361,-0.37139202531115245,0.3400678058647324,0.7533078042196242,-0.4132399983548918
WY,WY,Weyerhaeuser,Stock,Large-cap diversifier,Real Estate,Blend,US,False,False,True,False,True,Known-universe stock candidate added from S&P 500,S&P 500,1,19.545000076293945,,,,US,USD,0.2659174904495481,-0.15597852685798308,0.0027022691704547963,-0.15868079602843788,-0.1627850982545238,0.02989085947713166,-0.19267595773165547,-0.1851418291081568,0.1569835212288262,-0.342125350336983,-0.31470190241077967,0.7768338606093361,-1.091535763020116,-0.33538723265155757,0.7533078042196242,-1.0886950368711816
WYNN,WYNN,Wynn Resorts,Stock,Large-cap diversifier,Consumer Discretionary,Blend,US,False,False,False,False,True,Known-universe stock candidate added from S&P 500,S&P 500,1,78.98999786376953,,,,US,USD,0.3334794203119843,-0.13464067791283563,0.0027022691704547963,-0.13734294708329042,-0.17611724635035542,0.02989085947713166,-0.20600810582748708,-0.39794879733123034,0.1569835212288262,-0.5549323185600565,-0.10141740536151245,0.7768338606093361,-0.8782512659708486,0.013212780441174354,0.7533078042196242,-0.7400950237784498
XYL,XYL,Xylem Inc.,Stock,Large-cap diversifier,Industrials,Blend,US,False,False,False,False,True,Known-universe stock candidate added from S&P 500,S&P 500,1,101.0,,,,US,USD,0.25192699885337266,-0.08273545145630601,0.0027022691704547963,-0.0854377206267608,-0.1354619896804834,0.02989085947713166,-0.16535284915761506,-0.28853209096111443,0.1569835212288262,-0.4455156121899406,0.15210301911278568,0.7768338606093361,-0.6247308414965504,-0.19302443144838288,0.7533078042196242,-0.9463322356680071
XYZ,XYZ,"Block, Inc.",Stock,Financial quality,Financials,Blend,US,False,False,False,False,True,Known-universe stock candidate added from S&P 500,S&P 500,1,74.25,,,,US,USD,0.4709078592255656,-0.09473295490220246,0.0027022691704547963,-0.09743522407265726,-0.03733952231264137,0.02989085947713166,-0.06723038178977303,-0.015121360908313841,0.1569835212288262,-0.17210488213714004,0.6286466275825455,0.7768338606093361,-0.1481872330267906,-0.7155935269584985,0.7533078042196242,-1.4689013311781227
YUM,YUM,Yum! Brands,Stock,Large-cap diversifier,Consumer Discretionary,Blend,US,False,False,False,False,True,Known-universe stock candidate added from S&P 500,S&P 500,1,138.01499938964844,,,,US,USD,0.24461067189711413,-0.09522650119441756,0.0027022691704547963,-0.09792877036487235,-0.14158781395445064,0.02989085947713166,-0.1714786734315823,-0.08603891363238192,0.1569835212288262,-0.24302243486120811,0.17045956282936747,0.7768338606093361,-0.6063742977799687,0.20886823592290704,0.7533078042196242,-0.5444395682967171
ZBH,ZBH,Zimmer Biomet,Stock,Defensive large-cap,Health Care,Defensive,US,False,True,False,False,True,Known-universe stock candidate added from S&P 500,S&P 500,1,89.3499984741211,,,,US,USD,0.32286575958113123,-0.10685728052354548,0.0027022691704547963,-0.10955954969400028,0.06154212210838517,0.02989085947713166,0.03165126263125351,-0.08129859866709543,0.1569835212288262,-0.23828211989592163,-0.2170412133502111,0.7768338606093361,-0.9938750739595472,-0.34041779926657534,0.7533078042196242,-1.0937256034861995
ZBRA,ZBRA,Zebra Technologies,Stock,Large-cap diversifier,Information Technology,Blend,US,False,False,False,False,True,Known-universe stock candidate added from S&P 500,S&P 500,1,374.25,,,,US,USD,0.49531169452803103,0.05854903951843071,0.0027022691704547963,0.055846770347975916,0.39723722782132076,0.02989085947713166,0.3673463683441891,0.26044046569830326,0.1569835212288262,0.10345694446947706,0.6403682227131846,0.7768338606093361,-0.13646563789615151,-0.31653824405612807,0.7533078042196242,-1.0698460482757524
ZTS,ZTS,Zoetis,Stock,Defensive large-cap,Health Care,Defensive,US,False,True,False,False,True,Known-universe stock candidate added from S&P 500,S&P 500,1,70.25,,,,US,USD,0.3778646291676357,-0.08884563696094394,0.0027022691704547963,-0.09154790613139874,-0.023606460237696525,0.02989085947713166,-0.053497319714828184,-0.4995161925215681,0.1569835212288262,-0.6564997137503943,-0.5881733883436864,0.7768338606093361,-1.3650072489530225,-0.6309397276897251,0.7533078042196242,-1.3842475319093492
